:020000022000DC
:1070000000000420F53303001D3403001F34030087
:107010002134030023340300253403000000000062
:107020000000000000000000000000002734030002
:1070300029340300000000002B3403002D3403002A
:10704000C92903002F340300112903002F34030042
:107050002F3403002F340300052E03002F340300C8
:107060002F3403002F3403002F3403002F34030088
:107070002F3403002F3403002F3403002F34030078
:1070800015330300FD0903002F3403002F340300E0
:107090002F340300BD720200810D03002F34030062
:1070A0002F3403002F3403002F3403002F34030048
:1070B0002F3403002F340300000000000000000004
:1070C0002F3403002F3403002F3403002F34030028
:1070D0002F3403002F3403002F3403002F34030018
:1070E0002F3403002F3403002F340300000000006E
:1070F000000000002F340300000000002F340300C4
:10710000000000000000000000000000000000007F
:10711000000000000000000000000000000000006F
:10712000000000000000000000000000000000005F
:10713000000000000000000000000000000000004F
:10714000000000000000000000000000000000003F
:10715000000000000000000000000000000000002F
:10716000000000000000000000000000000000001F
:10717000000000000000000000000000000000000F
:1071800000000000000000000000000000000000FF
:1071900000000000000000000000000000000000EF
:1071A00000000000000000000000000000000000DF
:1071B00000000000000000000000000000000000CF
:1071C00000000000000000000000000000000000BF
:1071D00000000000000000000000000000000000AF
:1071E000000000000000000000000000000000009F
:1071F000000000000000000000000000000000008F
:1072000010B5054C237833B9044B13B10448AFF3E0
:1072100000800123237010BD98230020000000008F
:107220001867030008B5034B1BB103490348AFF3CC
:10723000008008BD000000009C23002018670300A8
:10724000A3F5803A704700BF174B002B08BF134BC4
:107250009D46FFF7F5FF00218B460F461348144A61
:10726000121A0CF071FA0E4B002B00D098470D4B00
:10727000002B00D098470020002104000D000D488D
:10728000002802D00C48AFF300800CF013FA200065
:1072900029000AF041FC0CF0F9F900BF00000800D9
:1072A00000000000000000000000042098230020DF
:1072B000683600200000000000000000044B054A72
:1072C0001878126880F00100187002B110477047FA
:1072D000B8230020B423002041B130B5044683B068
:1072E00010B10388502B02D003B030BD70474B7CE7
:1072F0000D46002BF8D0C2884B899A42F4D1038AFC
:10730000022BF1D10B68002BEED0123000F04EFBB7
:10731000A2882B68ADF8062080F001008DF80400EB
:1073200001A928469847DFE710B50388112B82B0E2
:107330000C4605D0502B0CD0102B06D002B010BD3F
:107340004FF6FF730B8402B010BD83880B8402B02C
:1073500010BDC2888B899A42F0D1038A022BEDD1ED
:107360000B68002BEAD0123000F020FB80F0010007
:107370008DF80400236801A920469847DEE700BF86
:1073800075DF704776DF70477ADF70477BDF7047C5
:1073900070B51D4D2B8884B2A34282B011D11B4E13
:1073A000297A327B91420ED3337C00222A72F3B9C0
:1073B000736933B100228DF80420ADF8064001A8AE
:1073C000984702B070BD05F10A011846FFF7D8FFD3
:1073D00040B11128F5D0B369002BF2D002B0BDE85E
:1073E000704018472B7A01332B7202B070BD3B21DD
:1073F0002046FFF7C7FF30F00803D9D0B369002B50
:10740000D6D09847D4E700BFD8230020BC23002063
:1074100070B50288122A82B003466DD015D8102AA2
:1074200030D0112A0FD16A4C828823889A420AD11F
:10743000606809F025F918B1664B9B6903B198475C
:107440004FF6FF73238002B070BD502AFBD1614D0F
:10745000C188EA899142F6D1028A022AF3D15C4CB2
:10746000828826889642EED1123000F09FFA0028DA
:1074700000F09880637A002B40F09B80D5E90113DF
:10748000324667E090F80FC0BCF1010FDBD1504CE1
:1074900021884FF6FF7291427DD14F4D8288228024
:1074A0000021217203CDC4F80A00C4F80E10598AD5
:1074B0006089884260D8A08988425DD3E1899B8A2F
:1074C00040F2F315A94294BF481A481B984253D87A
:1074D0002944994250D33F4D84F809C0EB89002BD1
:1074E000B1D16B69002BAED001218DF80410ADF83D
:1074F000062001A89847A6E7354C8288218891424A
:10750000A1D14089658985421FD8A58985421CD3B0
:10751000E0899B8940F2F31C604594BF051AA0EBFB
:107520000C059D4211D8604498420ED3294B5B69EB
:107530004FF480722281002B85D001228DF8042027
:10754000ADF8061001A898477DE7224D002363722D
:107550006968AB68207A002818BF1946606809F08E
:107560001FF800283FF46FAFAB69002B3FF46BAFFF
:1075700002B0BDE870401847164DEB8900216172DA
:10758000002B7FF460AF6968606809F009F8002893
:107590003FF459AFE8E70F4B9B69002B3FF453AF23
:1075A0000420E5E7606809F06BF800283FF44BAF72
:1075B000DAE76B6900222272002B3FF444AF01220C
:1075C0008DF80420ADF8066001A898473BE700BF9E
:1075D000D8230020BC230020EC23002070B3F8B592
:1075E00086460768164E174D0446BEE80F00B4469F
:1075F000ACE80F009EE8070035608CE80700BFB1DB
:107600003846FFF7C1FE90B923681868596803C56A
:107610000D4B0E490E4A18464FF6FF7440F8041FF2
:107620001C80002108F0A4FF002818BF0320F8BD2B
:107630002846FFF7ABFE0028EAD0F8BD0E207047C1
:10764000BC230020EC230020D8230020F8230020B6
:10765000917302002DE9F04F0388B0F80490103BBD
:1076600099B007460A2B12D8DFE803F028711111F0
:1076700011111111117814004648494605F054F8CB
:107680004548494605F050F8FB7B022B7CD019B0E9
:10769000BDE8F08F037A41483F2B4FEA1314494667
:1076A00065D905F041F83E48494605F03DF83D48AA
:1076B000494619B0BDE8F04F05F036B83A4A93682C
:1076C000DB4300935168684604F01CFF009B019364
:1076D000019B9BB34FF000084446214601A805F0EA
:1076E00049F830B118AB03EB480308F1010823F85F
:1076F000284C0134142CF0D1CDF834800DAD0FCDD1
:1077000002AC0FC40FCD0FC495E8070084E8070052
:10771000B8F1000F12D0254E0DF10A0B4FF0000A00
:107720003BF8025F1C4C20462946043405F016F84D
:10773000A642F8D10AF1010AC245F1D1B9F1130FFD
:107740009AD9042009F064F919B0BDE8F08F114806
:10775000494619B0BDE8F04F05F000B8037A002B98
:1077600095D1437A0D481B074946F2D5A1E704F0AD
:10777000F5FF032C97D00A48494604F0EFFF022C8E
:1077800095D008484946E4E70948494604F0CCFF4B
:107790007DE700BF202400201C240020302400208E
:1077A0002C240020282400201824002094240020C9
:1077B000242400201328014601D9002070470148E5
:1077C00004F0D8BF1C240020132801D900207047E2
:1077D00010B504462146074804F0CCFF08B9002044
:1077E00010BD2146044804F0C5FF002814BF022044
:1077F000012010BD1C24002024240020132801D9BE
:107800000020704710B504462146074804F0B2FF37
:1078100008B9002010BD2146044804F0ABFF002841
:1078200014BF0220012010BD1C24002020240020B1
:10783000132801D90020704710B504462146064898
:1078400004F098FF08B9002010BD21460348BDE8A8
:10785000104004F08FBF00BF1C240020282400200B
:10786000132801D90020704710B504462146064868
:1078700004F080FF08B9002010BD21460348BDE890
:10788000104004F077BF00BF1C2400202C240020EF
:10789000132801D90020704710B504462146064838
:1078A00004F068FF08B9002010BD21460348BDE878
:1078B000104004F05FBF00BF1C24002030240020D3
:1078C00008B51821024804F05FFFC0B208BD00BF30
:1078D0001824002070B50C4E044630460D4604F0C6
:1078E00049FF08B1132C01D9002070BD2146301D7D
:1078F00004F040FF0028F7D0E81D214606EB800089
:10790000BDE8704004F036BF18240020F8B50F4FD2
:10791000044638460D46164604F02CFF08B1132CD9
:1079200000D9F8BD2146381D04F024FF0028F8D006
:10793000E91D07EB810021461EB1BDE8F84004F0C7
:10794000F3BEBDE8F84004F009BF00BF18240020D2
:10795000F0B5154E83B004460F4601463046154635
:1079600004F008FF18B90026304603B0F0BD063415
:1079700006EB840463680193002FF4D0019B002B75
:10798000F1D000263446214601A804F0F3FE034658
:107990002946A0B201340BB1B8470136142CF2D1FC
:1079A000304603B0F0BD00BF18240020008800F06E
:1079B0000100704790DF7047A5DF7047B5DF704763
:1079C00070B5214B214CE41AE408002661F30F0640
:1079D000240484B00A4661F31F4603461C49054649
:1079E00044F0040007F0A8FC00236A4602A92846D8
:1079F000029603930093ADF80430FFF7DBFF0646D1
:107A000010B9304604B070BD08F066FB44F00104C4
:107A1000034610492A46204607F08EFCBDF8002098
:107A2000BDF8023052EA030103D00B49204607F0AB
:107A300083FCBDF80420002AE3D02046074907F064
:107A400067FD304604B070BDB067030018680300DE
:107A5000203C0300503C03009C3C0300DC3C030042
:107A600008B90E2070474FF01712002301614FF044
:107A70001B0C41F61B31026080F804C0C0F80620E0
:107A800043818181184670472DE9F041868886B090
:107A9000002E7CD10388242B05460C461BD80F2BC7
:107AA00051D9103B142B4ED8DFE813F0AD0068001D
:107AB0004D004D004D004D004D004D004D004D005E
:107AC0004D004D004D004D004D004D004D004D004E
:107AD0004D00F800C0003A2B5CD0552B33D1964BAB
:107AE000964AC78896499D1AED082D0445F0040072
:107AF0003B463246039007F01FFCA6720096E388CF
:107B000003989049172F3A4638BF17229A4228BF48
:107B10001A46228107F028FBE1883046FFF74EFF26
:107B2000002840F0D280E37A6BB922695AB12189EA
:107B3000ADF8141040F67720ADF81000ADF8123013
:107B400004A920469047A37A0BB3E1880020FFF7F1
:107B500033FF0346002845D0112818D008F0BCFA9E
:107B6000754B7949024675481B1ADB081B0443F024
:107B7000010006B0BDE8F04107F0CABC4FF0171194
:107B8000002241F61B33C4F806106281A38106B0BF
:107B9000BDE8F0816A89E388684967489A4228BF4E
:107BA0001A46401A172A4FEAD00038BF172200049D
:107BB00033466649228140F0040007F0BDFB23698B
:107BC0006BB1E27A5AB140F677212289ADF81010F4
:107BD000ADF81260ADF8142004A9204698470023A0
:107BE0006381D4E7554A5448801A4FF48071C00825
:107BF0006181E2885649000440F0040006B0BDE807
:107C0000F04107F099BB09792173C37B012B65D043
:107C1000022B58D16288E2802389934261D3637B2F
:107C20008B4290D20020FFF7CBFE8CE70689878934
:107C3000B0F80E804589414B3F48C01AC008F2B2E7
:107C40000004002340F004004A734249039007F007
:107C500073FB414903982A4607F05AFC3F490398B1
:107C6000324607F055FC3E490398424607F050FC67
:107C70003C4903983A4607F04BFC2369002B3FF43C
:107C800062AF627B8DF8142000204DF67A218DF8CA
:107C900015000491204604A9984754E7274B26482D
:107CA0002E7A3149C01AC008000440F0040033465F
:107CB000002207F041FB217BA888B14228BF314652
:107CC000FFF77EFE3FE7E288A6E708F005FA2749BE
:107CD000024645F0010007F01BFC24E72288E28001
:107CE0009AE71649144D6D1AED082D0445F0040667
:107CF0001F493046002307F01FFBE1880020FFF7F3
:107D00005BFE18B90123217BE37288E7112809D0B3
:107D100008F0E2F90C49024645F0010007F0F8FBD3
:107D2000217B7CE701231349A3720022304607F030
:107D3000EFFB217B73E700BF18680300B067030007
:107D4000383E0300743E0300C83D0300FC3D0300C1
:107D50009C3F0300E43E0300143F0300283F030060
:107D60003C3F03004C3F03005C3F0300B43E030074
:107D7000343D0300743D0300B0DF704766DF704799
:107D800060B159B10378DE2B0AD009684160DE2268
:107D90004FF6FF7302704380002070470E2070473B
:107DA0000820704738B10378DE2B02D141800020D3
:107DB0007047082070470E20704700BFF9B170B5BA
:107DC000054684B050B10B78DE2B0C4606D1808876
:107DD0004B88984214D02B88012B01D004B070BD81
:107DE0002E7A012EFAD16388A8889842F6D126729D
:107DF0000021FFF7C3FF00284DD12072EEE7704746
:107E00000B7AEBB92B88112B31D0512BE4D1AB7904
:107E1000022BE3D1AA7B02F0FD0104292ED0052A12
:107E2000DCD100226946C1E901220092CA608DF8C6
:107E30000030FFF7A1FF0028D0D063689847CDE756
:107E40000021FFF79BFF0346B0B1112813D06368F0
:107E500098472B88112B06D0512BBDD1A888638859
:107E60008342D4D0BAE7AA8863889A42B6D14FF643
:107E7000FF736380B2E701232372EAE769460022B9
:107E8000C1E901220092CA604FF4C0728DF800303F
:107E9000ADF80420CDE7112804D0636804B0BDE834
:107EA00070401847267299E7A0DF7047A1DF70473E
:107EB000ADDF7047B3DF7047B4DF704730B583B0D4
:107EC00004460422002168460BF03EFC0C4A12686E
:107ED000019242F6A623012501AA69462046ADF883
:107EE00000308DF80250FFF7DFFF08B103B030BD5E
:107EF000044B2A4619782046FFF708FD03B030BD31
:107F0000184303009824002070B54FF6FF738AB021
:107F100000249842CDE90044CDE902440494ADF830
:107F2000020027D0054600F0B9FD112806465DD0B5
:107F300022D838B30B2834D12D4A2E482E49801A26
:107F40001023C00898402A4640F002008DF8003007
:107F500007F0DEFABDF8020001F00CF803466846AF
:107F6000ADF8043002F0CAFA2246244B28461978AC
:107F7000FFF7CCFC0AB070BD43F20203984210D167
:107F80002246F2E70F23BDF802008DF8003000F022
:107F9000F1FF03466846ADF8043002F0AFFA32460E
:107FA000E3E7304608F098F8124B154902461048AE
:107FB000181AC00800042B4640F0010007F0BCF975
:107FC000002408232846CDE90544CDE908448DF86E
:107FD0001430ADF81650079600F0CCFF034605A804
:107FE000ADF8183002F08AFA2246BEE70122BCE75B
:107FF000B067030048680300F43F03009B2400209F
:108000007440030070B5012186B00646384804F07C
:1080100057FABFF35F8F08B106B070BD0446304613
:1080200000F0A4FC112805465BD01ED880B30B28B5
:1080300021D0284608F050F82E4B2F4902462F48F1
:10804000181AC0080004334640F0010007F074F924
:1080500000240823CDE90144CDE904448DF804301F
:108060003046ADF80660039532E0862819D043F219
:1080700002039842DDD1224B002219783046FFF7E7
:1080800045FCBFF35F8F1A4B00221A6006B070BD2B
:108090001B4B19780246304606B0BDE87040FFF72A
:1080A00035BC164B134817490194C01AC008000488
:1080B00040F0020007233246CDE90244CDE90444F2
:1080C0008DF80430ADF8066007F022FABDF806001E
:1080D00000F050FF034601A8ADF8083002F00EFA98
:1080E000C9E7074B012219783046FFF70FFCC8E7B4
:1080F000942400204868030000410300B067030097
:108100009C240020C84003002DE9F047DFF880815F
:1081100088B098F800100446FFF7DCFB10B108B0F7
:10812000BDE8F0870546204600F028FD11280646E8
:108130000CD8112825D8DFE800F08C24242424242E
:1081400057245E24242424242424244943F20203B3
:1081500098423BD043F20143984212D12046FFF7A8
:10816000D3FE0127464B3A4619782046FFF7CEFB4F
:1081700098F800102A46204608B0BDE8F047FFF7FF
:10818000C5BB304607F0A8FF3E4B3F4902463F487B
:10819000C01AC0080004234640F0010007F0CCF8E4
:1081A0000023CDE90333CDE90633204608238DF8BB
:1081B0000C300596ADF80E4000F0DCFE034603A837
:1081C000ADF81030012702F099F9CBE70127C9E794
:1081D00001AB314603AA20460493FFF769FE18B9A4
:1081E000BDF80430002BBDD1204600F0C3FE00F0E6
:1081F000F3FC0027B6E70DF10600FFF75BFEBDF8C4
:108200000630012BF0D90027012602A94FF0020900
:1082100042F6021A09E0BDF808305345D8D0BDF83F
:1082200006300136B6B2B342DED930460022CDE97F
:108230000391FFF741FE42F605230028D4D102A99D
:10824000002FE8D1BDF80870FF1AB7FA87F77F0949
:10825000E5E7002311222046CDE90333CDE90533BC
:1082600007938DF80C20ADF80E4000F083FE012539
:10827000034603A8ADF810302F4602F03FF971E72E
:108280009D240020B06703004041030048680300BC
:108290009E24002070B54FF6FF738AB000249842E8
:1082A000CDE90044CDE902440494ADF8020027D0A2
:1082B000054600F0F3FB112806465DD022D838B3FE
:1082C0000B2834D12D4A2E482E49801A1023C0087D
:1082D00098402A4640F002008DF8003007F018F967
:1082E000BDF8020000F046FE03466846ADF80430D3
:1082F00002F004F92246244B28461978FFF706FBC2
:108300000AB070BD43F20203984210D12246F2E750
:108310000F23BDF802008DF8003000F02BFE03465D
:108320006846ADF8043002F0E9F83246E3E730463B
:1083300007F0D2FE124B154902461048181AC00821
:1083400000042B4640F0010006F0F6FF002408234D
:108350002846CDE90544CDE908448DF81430ADF840
:108360001650079600F006FE034605A8ADF8183033
:1083700002F0C4F82246BEE70122BCE7B067030062
:1083800048680300F43F03009B240020744003006E
:10839000037803B1704730B5044683B04088FFF7D7
:1083A000B3FD6588284600F0D3FBA0B96488204659
:1083B00000F0E0FD00236A46092101F03BF80528A2
:1083C00018D0104B104918780022FFF7C1FA024666
:1083D00040B103B030BD0D4B012219782846FFF79C
:1083E00095FAE3E70A4B0B49187803B0BDE8304033
:1083F000FFF7AEBA064B012219782046FFF786FA3E
:10840000DFE700BF9C240020058002009D2400209F
:1084100099240020BD7E0200F0B50578092D83B0B7
:1084200009D0314C314920780022FFF791FA0246F9
:1084300050B303B0F0BD477A0446002FF1D1067A5D
:10844000072E29D0082E45D0012EEAD180886A4611
:10845000314601F0B1FB05460028E2D1019B1B78B3
:10846000002BDED0A08800F04BFE4FF6FF73984241
:10847000D7D01F4C32462178FFF748FA1D492078A3
:108480002A46FFF765FACCE71B4B1C49187803B066
:10849000BDE8F040FFF75CBA8088134C00F030FE76
:1084A0004FF6FF7398420646BCD021780122FFF7B1
:1084B0002DFA304600F05EFD3B4629466A4600F044
:1084C000B9FF0528AED10C4B012219783046FFF7D1
:1084D0001DFAA7E70A4B1A68012AA2D1BFF35F8FE2
:1084E000014C1F609EE700BF9C2400200580020015
:1084F0009D2400200981020099240020BD7E0200F5
:10850000942400202DE9F843FFF7DAF9234C244D99
:108510002070FFF7D5F92870FFF7D2F9214E224FCE
:108520003070FFF7CDF93870FFF7CAF9DFF89080A7
:10853000DFF8909088F80000FFF7C2F989F8000092
:10854000FFF7BEF92378194A182B107019D02B7831
:10855000182B16D03378182B13D03B78182B10D04B
:1085600098F80030182B0CD099F80030182B08D050
:10857000182806D00E4B00201860BFF35F8FBDE8AF
:10858000F8830C4B0C480D49C01AC008000440F099
:10859000010007F09FF80320BDE8F8839C24002029
:1085A0009B2400209D2400209E2400209A2400204B
:1085B00094240020B0670300486803008041030052
:1085C000992400209824002070B503888588353BC5
:1085D00086B004461F2B65D8DFE813F020009C000E
:1085E000640064006400640064006400640064006B
:1085F000640064006400640064006400640064005B
:10860000640064006400640064006400640064004A
:108610006400C4006400E30064007300854E2846D3
:108620003178FFF757F900283CD0002231782846EE
:10863000FFF76CF9E288B2F5857F1ED0002A40F082
:10864000DD806289012A09D07B4B7C487C49181A5D
:10865000C008000440F0020006F05AFFA689012E6F
:1086600000F0D7807448754B7649C01AC0080004E2
:10867000324640F0020006F04BFF734B1978734B03
:1086800000222846CDE90132FFF740F9704B0293F2
:10869000284600F06FFC002201A900F047FF0028E7
:1086A00040F084806B4C6C4B6C4918780022FFF7CB
:1086B0004FF96B492078002206B0BDE87040FFF703
:1086C00047B9002612232846CDE90166CDE90366A5
:1086D0008DF804300596ADF8065000F04BFCADF86F
:1086E000080000F079FA5F4B5A4C19783246284658
:1086F000FFF70CF9217832462846FFF707F9BDF855
:10870000060000F037FC034601A8ADF8083001F080
:10871000F5FEC8E7544E28463178FFF7DBF800280D
:10872000C0D0002231782846FFF7F0F8E288002A0E
:108730004AD1E389012B52D0404A3F484149801A2F
:10874000C00800041A4640F0020006F0E1FE3E496F
:108750003E4B097800222846CDE90132FFF7D6F8D2
:108760003B4B94E7037B012B9CD1827A012A99D160
:10877000018942F60213994294D13C4C2846217853
:10878000FFF7C4F800223A492078FFF7E1F80246E3
:10879000002887D12C4B374918782E4CFFF7D8F892
:1087A00081E72846FFF7B0FB2A4C7CE707F094FCF2
:1087B000214B3149024621481B1ADB081B0443F0B8
:1087C000020006F0A5FE6DE71C4B1B482B49C01AA2
:1087D000C008000440F0020006F09AFEB7E71A490C
:1087E0001A4B0978247C2846CDE90132FFF78EF830
:1087F000234B174A002C08BF134648E70F4B0E487F
:108800001E49C01AC008000440F0020006F080FEB5
:1088100033E7E18900222846FFF748FB00287FF470
:108820002CAF114B0B4C197832462846FFF76EF8E7
:1088300039E700BF9824002048680300B0670300B0
:108840008C420300C8420300992400200100090063
:108850001C4303009D2400209B24002095820200DD
:10886000098102009E2400209A2400209C240020DC
:1088700005800200BD7E0200F0410300504203006B
:1088800020430300AFDF7047B1DF7047B2DF7047AE
:10889000B3DF7047F0B5264B264D93E803002B88D5
:1088A00089B04FF6FF7701AEBB4286E8030007D1DF
:1088B00037E0288800F0BEFEB8420346288030D05A
:1088C00000223146184600F031FE04460028F0D060
:1088D0000023CDE90333CDE90533079311282B8815
:1088E000ADF810301DD086281DD007F0F5FB1249D9
:1088F0002B8802461148081AC008000440F0010005
:108900000F4906F019FD0823BDF810008DF80C3052
:10891000059400F0F5FB034603A8ADF80E3001F016
:1089200001FE09B0F0BD072218468DF80C20F0E7D3
:108930000C450300A024002050680300B06703002A
:1089400024430300044A12884FF6FF739A4200D171
:108950007047FFF79FBF00BFA0240020024B4FF6D7
:10896000FF721A8000207047A02400202DE9F04FEC
:1089700085B0814600F0FEFA4FF6FF73984274D03E
:10898000424B4349A3EB010B4FEADB0B01224FEAB9
:108990000B4B80464BEA020B4FF0030A6B46082153
:1089A0004046541C01F00CF90546A4B20323484686
:1089B00085BB019F3E463A1D46F806AB3146FFF7A0
:1089C00065FF0346082140465BB30C2B04D101F040
:1089D000F7F9A8B92246E1E70821052B18BF1D4683
:1089E00001F0EEF940B107F077FB2A490346424611
:1089F000584606F0A1FC0325284605B0BDE8F08FD7
:108A000007F06AFB424603462249584606F094FCAA
:108A10002246C3E7072D08BF0C25284605B0BDE850
:108A2000F08F0DEB010201F0C7F858B1052822D1F3
:108A300042460821404601F023FA0546284605B083
:108A4000BDE8F08F0399BB888A889A42F0D106313D
:108A500030460AF05BFE0028EAD10821404601F0CA
:108A6000AFF90028BFD10B25C6E743F2020528461F
:108A700005B0BDE8F08F07F02FFB074902464B46D3
:108A8000584606F059FC0325B6E700BF50680300BE
:108A9000B0670300B44303007C4303002DE9F043B7
:108AA00083B0074600F066FA4FF6FF73984230D164
:108AB0004FF00008032546464FF001092B46424679
:108AC00031463846FFF7E0FE042804460BD008285C
:108AD0000BD00B280BD0B9F1000F08BF0B24204698
:108AE00003B0BDE8F0831124F5E70024F3E715F0A7
:108AF000020504D13EB1A8464646032500E0012503
:108B00004FF00009DAE7B8F1000F0ED00325B046A8
:108B1000F6E76A46082101F04FF80028C8D1019E07
:108B2000B6F8048035680636C6E7064B064807499E
:108B3000C01AC00800043A4640F0010006F0E8FC04
:108B4000CDE700BFB0670300506803003444030062
:108B500000B585B00DF10703039300F00BFA02AAEC
:108B6000012101F029F820B9039B187805B05DF8C0
:108B700004FB002005B05DF804FB00BF70B5124E89
:108B800004463046FFF784FE78B9318843F2030586
:108B90004FF6FF722046FFF775FEA84200D070BD69
:108BA0003188013189B23180F2E707F095FA074B3D
:108BB0000749024607481B1ADB081B0443F0010063
:108BC00006F0A6FC032070BDA2240020506803001C
:108BD000AC440300B067030000B5084B844693E83B
:108BE000030083B06B4683E8030000221946604609
:108BF00000F09CFC03B05DF804FB00BF14450300CB
:108C000046DF70470388102B2CD170B500F1040C9F
:108C1000BCE80F009EB00DF11C0EAEE80F00BCE8E2
:108C20000F00AEE80F009CE807009DF8203003F02D
:108C3000FE03062B8EE8070015D1BDF81C307549E0
:108C4000BDF82440089803EB83035B00CA18D48066
:108C50004FF6FF74CC529DF826301372C2F8020012
:108C60001EB070BD704700F02DFC9DF82030032B26
:108C70004FEA530240F29D80022ADED105AE0DF18B
:108C8000060532462946072000F024FC002800F0A3
:108C9000AB809DF8203003F0FE03042BF1D1069C3D
:108CA00003220DF1210102A80AF040FD032209A9C7
:108CB00004A80AF03BFD237C8DF84830E37B8DF857
:108CC0004930A37B8DF84A30637B8DF84B30237B92
:108CD0008DF84C30E37A8DF84D30A37A8DF84E3014
:108CE000637A8DF84F30237A8DF85030E3798DF820
:108CF0005130A3798DF8523063798DF85330237950
:108D00008DF85430E3788DF85530A3788DF85630CF
:108D100063788DF857300D22002116A80AF014FD53
:108D20009DF810308DF867309DF811308DF8663061
:108D300012A89DF812308DF86530FFF761FF9DF89D
:108D400077209DF876308DF80C208DF80D300322B9
:108D50009DF875308DF80E3003A902A80AF0D6FCF4
:108D600000288ED1BDF81C302A48BDF8061003EB50
:108D70008302520084188152BDF824200898E280B2
:108D80004FF6FF72C4F8020091429DF8260020724F
:108D90003FF466AF002212A8ADF84A30ADF84C108F
:108DA0008DF8482001F0D2FB12A8FFF7F1FA1EB0AF
:108DB00070BD05AE0DF1060532462946072000F0CC
:108DC00089FB062280B106999DF82030487C4340FB
:108DD00013F0FE0F01F11201EED10DF121000AF0A6
:108DE00095FC0028E8D1BDE7BDF81C30094908987A
:108DF00003EB83035B004FF6FF74CA18CC52BDF837
:108E000024109DF82630C2F80200D18013721EB0E3
:108E100070BD00BFA424002070B5102204460D468A
:108E2000013001310AF072FC002852D16378FBB99D
:108E3000A378EBB9E378DBB92379CBB96379BBB914
:108E4000A379ABB9E3799BB9237A8BB9637A7BB900
:108E5000A37A6BB9E37A5BB9237B4BB9637B3BB9EC
:108E6000A37B2BB9E37B1BB9237C0646002B31D0B7
:108E70006B78002B5CD1AB78002B59D1EB78002BB1
:108E800056D12B79002B53D16B79002B50D1AB7974
:108E9000002B4DD1EB79002B4AD12B7A002B47D1F7
:108EA0006B7A002B44D1AB7A002B41D1EB7A002BAB
:108EB0003ED12B7B002B3BD16B7B002B38D1AB7B86
:108EC000002B35D1EB7B9BBB287C061E18BF0126EF
:108ED00000E00026637C6A7C83EA020111F0FE0F49
:108EE0000BD003F0FE03042B1ED0062B1CD002F087
:108EF000FC02042A18D0002070BD062205F11201E0
:108F000004F112000AF002FC637C03F0FE03042B60
:108F10000AD0062B08D06B7C03F0FC03042B03D093
:108F20000028E8D1012070BD002EE4D00120FAE72E
:108F30000126CFE730B585B005460C4600F0C2FAF1
:108F400003E0BDF80630A3420BD102AA0DF10601E1
:108F5000072000F0BFFA0028F3D14FF6FF7005B0EC
:108F600030BD03992846FFF757FF0028EDD0BDF824
:108F70000600F4E713280DD810B50446FEF71AFCD6
:108F800028B1064B04EB840433F8140010BD4FF6EF
:108F9000FF7010BD4FF6FF70704700BFA424002083
:108FA000132816D838B504460D46FEF703FC68B101
:108FB000094804EB840400EB44040020E388D4F85F
:108FC0000220AB80237A2A60AB7138BD43F20200E5
:108FD00038BD43F202007047A424002008B502887F
:108FE0007AB983786BB9C3785BB903794BB94379A4
:108FF0003BB983792BB9C3791BB9037A0BB9437A8F
:1090000013B10B88934201D0002008BD0822023121
:1090100002300AF07BFBB0FA80F0400908BD00BFC7
:1090200030B585B0044600F04DFAA51C02AA0DF13A
:109030000601072000F04EFA002855D02388039936
:10904000002B34D1A278002A52D1E378002B44D1EE
:109050002279002A41D16279002A3ED1A279002AE0
:109060003BD1E279002A38D1227A002A35D1627ABE
:10907000002A32D123795BB9627952B9A07938B923
:10908000E379002B39D1227A1AB9637A002BCDD03B
:1090900000234A8D9A42C9D108222C3128460AF071
:1090A00035FB0028C2D1BDF8060005B030BDB1F8CF
:1090B00046209A42EDD10822483128460AF026FB84
:1090C0000028F0D023880399002BE2D1A278002A4F
:1090D000DFD1E378002BCDD0DAE7B1F84620002AC3
:1090E000E9D0002BC6D0D3E74FF6FF7005B030BDF6
:1090F000B1F84620002ACCD1DDE70346C9E700BF1E
:109100004FF6FF7398422DE9F04118D00024DFF8A4
:1091100038800746254601E0642C10D038F814301A
:10912000BB42AEB204F1050405F10105F4D13046AD
:10913000FEF740FB0028EFD03046BDE8F0814FF647
:10914000FF763046BDE8F081A4240020132804D81F
:10915000024B00EB800023F810107047A42400207D
:10916000F8B54FF6FF7398421FD00024114F064602
:10917000254603E0642C05F1010515D037F81430BD
:10918000B34204F10504A8B2F4D1FEF713FB0028A2
:10919000F0D0304600F03EFC28B905EB85054FF6CF
:1091A000FF7327F81530F8BD3046BDE8F84000F0F1
:1091B00031BC00BFA42400202DE9F041DFF8C480B9
:1091C0008AB000210822684688F800100AF0BCFA2C
:1091D0004FF6FF7000F03CFF4FF6FF76B04220D014
:1091E000044648F2096707E000F0DEFE204600F082
:1091F0002FFFB042044614D0A4F58045ADB26A46B4
:1092000002A9284604F0C8FF0346BB422046EBD023
:10921000284604F057FE48F207639842054624D0DA
:1092200015B90AB0BDE8F081134A14481449801AF0
:10923000C008000423462A4640F0010006F07CF8EE
:109240000023CDE90533CDE9083308224FF6FF733B
:1092500005A88DF81420ADF818400795ADF8163024
:1092600000F07AFA0AB0BDE8F081012388F80030F6
:109270000AB0BDE8F08100BFB0670300706803006A
:10928000344503007425002010B58389017886B029
:1092900003F5804300229BB20429CDE90122CDE9E8
:1092A00003220592ADF8083041D02CD84A1E022A7C
:1092B00037D843F6FE729342C38953D8D0E90120D0
:1092C000A1F10301B1FA81F149098DF80C308DF853
:1092D0000D100490002A4BD19DF8143043F0010387
:1092E00009228DF81430274C8DF804204FF6FF73B7
:1092F00001A8ADF8063000F02FFA2378ABB1FFF7E4
:109300005BFF06B010BD05290BD143683BBB14229F
:109310004FF0FF3301A88DF80420CDF8063000F09F
:109320001BFA184C2378002BE9D106B010BD43F688
:10933000FE729342F5D8C289002AF2D14268D2B1B6
:109340000C238DF8043003920E4C01224FF6FF736C
:1093500001A82270ADF8063000F0FEF9E2E70393B1
:109360001522D5E703F58044A4B29442A6D9D8E7E4
:1093700005920A22B7E70B2218468DF8042000F068
:1093800013FEE1E77425002030B5254889B004F0CC
:1093900075FA38BB04F08AFA0546002831D100F08E
:1093A000C7FD0822294603A80AF0CEF90CE004F014
:1093B000C9FB019B9C8804F5804405A8A4B204F075
:1093C000EFFB204600F0BCFD05A903AA4CF2070004
:1093D00004F06EFE034601A905A8002BE7D028463D
:1093E00009B030BD0F4A104B10499B1ADB081B0413
:1093F000024643F0010006F08BF80325284609B029
:1094000030BD084B08480A49C01AC00800042A4663
:1094100040F0010006F07CF88625284609B030BDF2
:1094200089920200B0670300706803008045030062
:10943000C4450300F0B5FF2887B008D801290446C9
:109440000D4617461E4606D00B1F052B03D90724D1
:10945000204607B0F0BD0822002101A80AF074F9E7
:10946000A4F58040A5F5804180B289B201AB03AA82
:1094700004F0A6FDF8B901A903A804F063FB0446B3
:10948000C8B9019BBD705B883B808EB13668786837
:1094900002999D00AE4228BF2E4632460AF046F998
:1094A000B5420CD803A804F07BFB204607B0F0BD02
:1094B000029B7B60F6E70524204607B0F0BD0C2434
:1094C000C6E700BF0248082200210AF03DB900BFEC
:1094D0006C25002070B5012886B004460E4615465E
:1094E00002D0031F052B1CD8A4F580400E4A80B281
:1094F00003A904F0DDFD20B901A903A804F022FBB3
:1095000010B1002006B070BD019BAC705A882A8053
:10951000029A6A609B8803F5804303A8338004F0B5
:109520003FFB012006B070BD6C250020F0B5FF2880
:1095300089B00AD891F802C0BCF1010F0546164661
:1095400007D0ACF10403052B03D90724204609B04A
:10955000F0BD4B680393ACF5804CA5F580470B88B4
:1095600004931FFA8CF4BFB2082200216846ADF8BC
:109570000870ADF80A400AF0E7F86B462146384615
:1095800005AA04F01DFD40BB02A905A804F0E4FBF8
:1095900004464CB3A4F50643023B0B2B09D80B2B16
:1095A00007D8DFE803F0280606062C16060606068E
:1095B0000616144B14481549C01AC0080004224668
:1095C0002B4640F0010005F0B7FE0324204609B009
:1095D000F0BD1124204609B0F0BD02A905A804F091
:1095E00009FB0446002CD5D1002EAFD0314605A88A
:1095F00004F046FEAAE71024204609B0F0BD8624F8
:10960000A4E700BFB06703007068030004460300CE
:109610004FF6FF7000F094BCFF2806D808B500F0A4
:10962000AFFCFFF7C9FD002008BD0720704700BF51
:1096300000F0CEBC00F0D6BC00F00ABD10B582B080
:109640008278417A044600233D48CDE900338DF805
:10965000022001F07BFE002865D0237AA2788DF8E5
:10966000022003EB83039B00013A0190ADF8003028
:10967000072A08D8DFE802F00407070707043C239D
:109680000123ADF800302246694632F8040BFFF79B
:109690004DFF112820D005D800283ED007282BD117
:1096A00002B010BD862827D1A37A264A23F00303EF
:1096B00043F001030121A372117002B010BD838831
:1096C000224609339B0832F8040BADF80030694696
:1096D000FFF72CFF1128DED1A37A1A4A23F00303E7
:1096E00043F0020301210020A372117002B010BDEB
:1096F0001423ADF80030C6E706F0EEFC12492388CB
:10970000024612480C1AE408240444F001001049EF
:1097100005F012FE032002B010BDA37A23F003036C
:10972000A37202B010BD094B0748627A0949C01AFA
:10973000C008000440F0010005F0EAFE0320AFE796
:10974000BC260020B826002068680300B06703002C
:10975000B0460300704603002DE9F043764DC36820
:109760006A68934287B0044600F0CA802A6993422F
:1097700000F0DB80EA69934200F0D980AA6A934244
:1097800000F0D78003780A2B04D00027142B52D086
:10979000092B7FD0204600F04DFD204602F036FD1B
:1097A000664E2046FFF7CEF82046FEF735FE3378AA
:1097B00013B907B0BDE8F08300233370DFF8788178
:1097C00000244FF0010904EB440305EB83034046FA
:1097D0009B7A13F0020F4FEA440708F10C0808D0F7
:1097E00086F80090FFF72AFF40B90134042CEAD133
:1097F000DFE7D90748BF86F80090F6E73C44A400AD
:109800004FF6FF722B5BADF806208628ADF80830C6
:1098100063D107238DF8043001A800F00BFD01A8E7
:1098200002F0F4FC01A8FFF78DF801A8FEF7F4FDA3
:1098300007B0BDE8F083204600F0FCFC204602F0B3
:10984000E5FC3E4E2046FFF77DF82046FEF7E4FD9E
:109850003378002BADD00024DFF8DC8034704FF07B
:10986000010904EB440305EB830367009B7A9A0725
:1098700001D4DB0706D5404686F80090FFF7DEFEF0
:109880000028BBD10134042C08F10C08E9D107B041
:10989000BDE8F083667A002E7FF47CAF002F3FF4A2
:1098A00079AF3B7A5BB1DFF8A480797A3144C9B2F1
:1098B000404601F063FD3B7A01369E42F5D34FF6F8
:1098C000FF733B80BB70BB7A00227A6023F00303F6
:1098D0004FF47F423A81BB725CE708238DF8043075
:1098E000039006F0F9FB16492B5B024615480C1A4B
:1098F000E4082404144944F0010005F01DFD8BE741
:109900000027237807EB47070A2B05EB87077FF42F
:109910003DAF627A002A7FF43DAFBB7A074E7A6092
:1099200043F00203BB72327048E70127E9E70227E0
:10993000E7E70327E5E700BFCC260020B826002094
:1099400068680300B0670300E0460300BC260020FF
:1099500010B5294CA07D94F8223094F80AC020F06C
:10996000030082B023F00303A07594F82E0084F85E
:10997000223050234FF6FF7200212CF0030C20F010
:1099800003000193042384F80AC022804FF47F4C23
:10999000A2706160A281A27321612283A276E1613B
:1099A0000093A284154B84F82620A16284F82E002F
:1099B00013491448A4F808C04FF4A072A4F814C0C6
:1099C000A4F820C0A4F82CC001F052FC034610B942
:1099D000184602B010BD06F07FFB0B4B0B49024648
:1099E0000B481B1ADB081B0443F0010005F090FD37
:1099F0000323184602B010BDCC260020FC26002010
:109A000078250020BC26002068680300404703003A
:109A1000B06703002DE9F8435F4D2B88834206466B
:109A200028D0AB89834200F0B2802B8B834200F0B8
:109A3000B080AB8C834208BF03271CD03046FFF7B1
:109A4000EBFD034608B1072802D11846BDE8F883AC
:109A500006F042FB514C524A5249A41AE40824042D
:109A60000346324644F0010005F066FC0323184625
:109A7000BDE8F88300272B88DFF8388107EB470221
:109A8000B34205EB820229D0AB89B34279D02B8B4C
:109A9000B34273D0AB8CB34276D0032F07F10103EE
:109AA000CCD003EB430235F82220B24260D0022F23
:109AB00007F10203C2D003EB430235F82220B24281
:109AC00056D0002FBAD1AB8CB342B7D103272B8825
:109AD00007EB4702B34205EB8202D5D12E4C00239F
:109AE0009078A278824220D0032B03F10101D4D0D8
:109AF00001EB410235F82220B2423BD0022B03F1A8
:109B00000202CAD002EB420135F82110B14233D033
:109B1000012BC2D0AB8CB342BFD1032303EB430470
:109B200005EB8404A2788242DED1A27A9207DBD1CF
:109B3000D4F80490B9F1000FD6D1237A53B1617AE9
:109B400049444046C9B201F019FC237A09F10109E0
:109B50009945F4D3A37A4FF6FF7200204FF47F416A
:109B600023F003032280A27060602181A37294E736
:109B70001F46ACE70B46D1E71346CFE70A4C02235A
:109B8000AEE70A4C0123ABE7094C0323A8E7012702
:109B900071E702276FE700BFCC260020686803004A
:109BA000B067030060470300E4260020D8260020A9
:109BB000F0260020BC2600200023FFF73BBC00BF9E
:109BC000002B00F08E802DE9F0419846CB1F012B31
:109BD0000E4651D8531E032B17464DD8DFF8DCC173
:109BE000BCF80020904200F0BF80BCF80C308342EB
:109BF00000F0C980BCF81830834200F0C680BCF881
:109C00002430834208BF032417D04FF6FF739A42D3
:109C10006ED0BCF80C209A4200F0A280BCF818204C
:109C20009A4200F09F80BCF824209A4208BF032388
:109C30005FD01120BDE8F0812C4604EB44050CEB0D
:109C4000850595F802E0B64519D0032C04F101050D
:109C5000DBD005EB45033CF823308342ECD0022CEB
:109C600004F10205D1D005EB45033CF823308342D3
:109C7000E2D0002CC3D0C8E70720BDE8F081AB7A62
:109C80009907E2D16B68002BDFD12B7ABB4225D13B
:109C9000697AFF2918D0002444482F7201F056FB3E
:109CA000002863D007EB87031B010333C3F38D0345
:109CB00088F80260C8F80400A8F800300CB1082E3B
:109CC00011D00020BDE8F0813946384801F0E6FAAD
:109CD000FF28014668725AD00124DDE70F20BDE855
:109CE000F0810E2070479B00063B83800020A1E797
:109CF000002303EB43050CEB85054FF6FF71AA78B3
:109D0000FF2A22D0032B03F1010292D002EB42047E
:109D10003CF824408C4221D0022B03F1020288D06F
:109D200002EB42043CF824408C4217D0002B80D137
:109D3000BCF824308B427FF47CAF032303EB430554
:109D40000CEB8505AA78FF2ADCD1AA7A9207D9D133
:109D50006A68002AD6D12880AE7099E71346EDE7ED
:109D60000123C6E70223C4E7002466E7104B11482D
:109D70006A7A1149C01AC008000440F0010005F0D9
:109D8000C7FB032056E7012457E7022455E7AB7AC7
:109D9000A9704FF6FF72002023F003032A804FF4CE
:109DA0007F4268602A81AB72112043E7BC26002005
:109DB000B067030068680300B4470300CC260020A6
:109DC000F8B52D4D2B8883424FD0AB8983424ED0BE
:109DD0002B8B83424DD0AB8C834208BF032303D02F
:109DE00005263046F8BD134603EB430405EB840417
:109DF000A2788A4216D0032B03F10102F0D002EBC5
:109E0000420435F824408442EDD0022B03F10202D3
:109E1000E6D002EB420435F824408442E3D0002B24
:109E2000D9D0DDE7A27A9207E5D16668002EE2D1AB
:109E3000237A5BB1114F3546617A29443846C9B25D
:109E400001F09CFA237A01359D42F5D3A37A4FF6AF
:109E5000FF72002123F003032280A2704FF47F429F
:109E600061602281A3723046F8BD0023BCE7012364
:109E7000BAE70223B8E700BFCC260020BC260020AA
:109E8000CB1F012B49D870B5044610460D46164627
:109E9000FFF7CEFB80B325490B88A3423FD08B89C7
:109EA000A3423ED00B8BA3423DD08B8CA34208BF74
:109EB000032302D0052070BD034603EB430E01EBE4
:109EC0008E0E9EF80200A84218D0032B03F1010069
:109ED000F0D000EB400231F82220A242ECD0022B5D
:109EE00003F10200E6D000EB400231F82220A2424A
:109EF000E2D0002BD9D0DDE7072070BD9EF80A2004
:109F00009207E2D1DEF80420002ADED1AEF800602C
:109F10007046BDE87040FFF791BB072070470023F3
:109F2000CBE70123C9E70223C7E700BFCC26002007
:109F300002484022002109F007BC00BF0027002092
:109F40004FF6FF73984210B50DD0FF28044602D992
:109F50004FF6FF7010BD0948214602F0F1FB0028C2
:109F6000F6D1204610BD05484FF4807102F00CFC7C
:109F700080B2B0F5807FEBD010BD00BF002700207D
:109F800008B54FF6FF73984202D0FF28014601D969
:109F9000002008BD034802F0D3FB0028F8D10120BF
:109FA00008BD00BF20270020FF2800D9704710B54A
:109FB00004462146044802F0D1FB21460348BDE88F
:109FC000104002F0CBBB00BF00270020202700205C
:109FD000FF28014601D900207047014802F0CABBA2
:109FE00000270020F8B54FF6FF7398422AD00130C1
:109FF00084B2FF2C22D8144D03E09CB2B4F5807FCC
:10A000001CD02146284602F0B5FB631C0028F4D082
:10A010000E4FA7F120062146384602F0ABFB78B17F
:10A020000134A5B207E02946304602F0A3FBACB2EA
:10A0300001350028EFD1B5F5807FF4D14FF6FF74DC
:10A040002046F8BD0024D6E7002700202027002066
:10A0500038B54FF6FF73984216D0013084B2FF2C0A
:10A060000ED80A4D03E09CB2B4F5807F08D021469B
:10A07000284602F07FFB631C0028F4D0204638BD40
:10A080004FF6FF74204638BD0024EAE72027002061
:10A09000284B1B7803B970472DE9F0410388868867
:10A0A000102B86B0044614D0234B30461978FDF7A8
:10A0B00011FC58B92046FEF7A5FD204602F00EF926
:10A0C000204606B0BDE8F041FEF77EBA06B0BDE816
:10A0D000F08100251422294601A8DFF864808DF85C
:10A0E000035009F031FB01228DF804204FF6FF7276
:10A0F000ADF8082098F80030ADF8066004F10802C9
:10A1000003920DF1030204924BB10C4F57F8043B3C
:10A1100001A8984798F8003001359D42F6DB064BC0
:10A120009DF8032019783046FDF7F0FB9DF80300F9
:10A13000BFE700BF562700206022002048270020EC
:10A14000572700202DE9F04F87B083464FF6FF7068
:10A150008A4691460193FFF76DFA0423039302ABFD
:10A160000025059304AA03AB062104460295049535
:10A17000FFF760F9072852D04FF6FF770346B8463D
:10A180004FF0FF360AE0052B15D1FFF753FA03AB6A
:10A1900004AA06210446FFF74DF903462046002B8A
:10A1A000F1D1029BAB4224BFA0461D46B3423CBF47
:10A1B00027461E46E9E74FF6FF7294421AD1A045A2
:10A1C0002BD0A7420CBF05200020BBF1000F01D00F
:10A1D000ABF80080BAF1000F01D0CAF80050B9F115
:10A1E000000F01D0A9F80070019B03B11E6007B0F9
:10A1F000BDE8F08F184605F06FFF0B4D0B4B0C4977
:10A20000ED1AED082D040246234645F0010005F045
:10A2100093F8032007B0BDE8F08F0520D5E70520AF
:10A2200007B0BDE8F08F00BF40680300B0670300CF
:10A230003C4803002DE9F043044687B08088FEF7D0
:10A240005FFF23786080093B032B08D8DFE803F029
:10A250004B3A1702964B1A78002A40F0D880954F57
:10A260003B784BB1944E002556F8043B2046984766
:10A270003B7801359D42F7DB07B0BDE8F0838C4D9C
:10A280002B78002B7AD18D4D2B78002BE7D08C4E7C
:10A29000A38832889A42E2D18A4B1F78002F48D097
:10A2A000DFF82882864800231A464146FFF74AFF16
:10A2B000052800F0E080B0FA80F35B092B70002FD6
:10A2C000DAD0CCE7637A002BC9D17F490A68002A2B
:10A2D000C5D0E0688242C2D17C480B600268E3606E
:10A2E000013A0260BBE7667A2EBB774A13681BB15E
:10A2F000E1688B4200F0B980704D2B78002BAED016
:10A300006F4EA28833889A42A9D1237A062BA6D110
:10A310006C4B1F786FB1DFF8B48100231A464146B9
:10A320003046FFF70FFF052800F0AD80B0FA80F748
:10A330007F092F7093E7012E91D1604D2B78002B70
:10A340008DD05F4FA2883B889A4288D1237A062B12
:10A3500085D15C4B1B78002B00F0A580DFF86C8169
:10A3600000231A4641463846FFF7ECFE052800F068
:10A370009280B0FA80F676092E7070E74FF6FF7083
:10A38000FFF758F94FF6FF73984206467FF47BAF0C
:10A39000FFF752F9B0427FF476AF00260DF10408C2
:10A3A000142231464046434F2E7009F0CDF90D235B
:10A3B0008DF804304FF0FF33CDF806303B78ABB169
:10A3C000DFF8F49035464E4656F8043B2046984751
:10A3D0003B7801359D42F7DB43B1002559F8043B3A
:10A3E000404698473B7801359D42F7DB334D2B784B
:10A3F000002B3FF441AF324EA38832889A427FF45B
:10A400003BAF304B1B78002B50D0002748E700258E
:10A410000DF104081422294640461D7009F094F9F4
:10A420000E23244F8DF804304FF0FF33CDF8063063
:10A43000A36803933B78002B3FF41EAF1E4EB1463A
:10A4400059F8043B204698473B7801359D42F7DB9D
:10A45000002B3FF411AF002456F8043B40469847C8
:10A460003B7801349C42F7DB06E7154BA188166068
:10A470001980E660F3E64FF6FF7333800023C8F8D7
:10A48000003001231AE74FF6FF7333800023C8F82A
:10A4900000302F70E3E64FF6FF733B800023C8F8CF
:10A4A00000302E70DBE61E462E70D8E62B70E3E6F9
:10A4B0004427002057270020482700205827002045
:10A4C00054270020562700205C270020402700202A
:10A4D00078B1F8B5074F3B7853B1074E05460024D5
:10A4E00056F8043B284698473B7801349C42F7DBFA
:10A4F000F8BD70475727002048270020F8B5074FC0
:10A500003B7853B1064D0646002455F8043B3046CF
:10A5100098473B7801349C42F7DBF8BD5727002071
:10A5200048270020F8B5074F3B7853B1064D064643
:10A53000002455F8043B304698473B7801349C4250
:10A54000F7DBF8BD5727002048270020F8B5074F54
:10A550003B7853B1064D0646002455F8043B30467F
:10A5600098473B7801349C42F7DBF8BD5727002021
:10A570004827002010B5FEF707FF28BBFFF7E8F9D2
:10A58000002843D101F062FE78BB00F083FF002871
:10A590004DD1FDF7B7FF00285AD1FEF7DFF9044689
:10A5A000002865D13A4A3B4B3B483C4904604FF692
:10A5B000FF7CA2F800C001221A700C70FDF780F930
:10A5C000374B1870204610BD05F086FD354C364AD5
:10A5D000364903463648241AE408240444F00100AE
:10A5E000032404F0A9FE204610BD05F075FD2D4C96
:10A5F0002D4A304903462E48241AE408240444F026
:10A600000100032404F098FE204610BD05F064FD0F
:10A61000244C254A284903462548241AE4082404E2
:10A6200044F00100032404F087FE204610BD05F02D
:10A6300053FD1C4C1C4A214903461D48241AE408BA
:10A64000240444F00100032404F076FE204610BDEB
:10A6500005F042FD134C144A194903461448241AC4
:10A66000E408240444F0010004F066FE0324A9E792
:10A6700005F032FD0B4C0E490B4A641AE408240421
:10A680000346104944F0010004F056FE032499E704
:10A6900054270020562700205C2700205827002040
:10A6A0006022002040680300E4490300844803005E
:10A6B000B0670300DC480300B0480300084903000A
:10A6C00034490300604903000A4B1B786BB10A4A06
:10A6D0001378022B0BD810B4591C084C117044F895
:10A6E000230000205DF8044B7047082070470420C9
:10A6F000704700BF5627002057270020482700201A
:10A70000034B1B780BB101F003BE0820704700BF5C
:10A710005627002008B5054B1B782BB101F03EFEF3
:10A72000082808BF112008BD082008BD56270020B2
:10A73000034B1B780BB101F0CDBC0820704700BF64
:10A7400056270020034B1B780BB1FEF709BD0820EC
:10A75000704700BF5627002010B4054C24781CB168
:10A760005DF8044BFFF7EEBC08205DF8044B704722
:10A77000562700202DE9F0434C4B1A7889B0002A67
:10A7800057D04B4A4B4F064692E803003C7801AD48
:10A7900085E80300002C35D0474F3C68002C43D19E
:10A7A000464BDFF830811B88B342D8F800304AD0DE
:10A7B0005A1C43D00133404AC8F80030294630467D
:10A7C000FEF7B4FE044680B3D8F80030013BC8F869
:10A7D000003011284FF000033B6025D0862824D09C
:10A7E000072822D005F078FC354C364B3649E41A60
:10A7F000E40824040246334644F0010004F09CFDC2
:10A80000032412E0DFF8CC90DFF8B0802346224624
:10A8100049464046FFF796FC05283ED000280CBF6D
:10A82000012300233B70B7D01124204609B0BDE8B6
:10A83000F0830824204609B0BDE8F08313242046A5
:10A8400009B0BDE8F083002BB4D01422214603A840
:10A8500008F07AFF092330468DF80C30FEF750FCE3
:10A860009DF81C30194FADF80E0064F300038DF80D
:10A870001C303B78ADF810600622ADF81420069429
:10A88000002BD2D0124E254656F8043B03A8984719
:10A890003B7801359D42F7DBC7E701233B704FF65C
:10A8A000FF73C9F80040A8F8003075E7562700206C
:10A8B000DC490300582700205C2700205427002093
:10A8C00040680300B06703008C490300572700204D
:10A8D000482700204027002076DF704730B50278F7
:10A8E00087B00446152A00F2AB81DFE812F025009C
:10A8F0002500250064007F00250025009C0016002F
:10A90000A800C600E400F1000401100125001801B0
:10A9100025002500250025002601806805F0DCFBC8
:10A92000AD4BAE490246AE481B1ADB081B0443F090
:10A93000010004F0EDFD227822B1082A00F00D811B
:10A9400007B030BD658805A92846FFF7F1FE43F240
:10A950000204A04200D058BB9DF8141011F002016F
:10A96000EED12846FFF7D6FE04460028E8D011288D
:10A97000E6D00D2800F012810B2800F0FD8043F294
:10A980000203984200F0068105F0A6FB92490246B8
:10A9900093482B460D1AED082D0445F0010091490E
:10A9A00004F0CAFC204607B0BDE8304006F030B8DD
:10A9B00006F02EF8D0E74088FCF706FF864B884A61
:10A9C000217AA3EB020C884B884A53F8213000937C
:10A9D0004FEADC0C4FEA0C4C52F820208449638883
:10A9E0004CF0030004F0C0FB2278A5E74088FCF798
:10A9F000EBFE794B7A4A217AA3EB020C7A4B7B4A25
:10AA000053F8213000934FEADC0C658952F820207E
:10AA10006388784901954FEA0C4C4CF0030004F030
:10AA2000B1FA227888E76E4B6B487349C01AC008A8
:10AA3000000440F0020004F04DFE22787CE7627AC8
:10AA40006E4B674953F8223063480093401A217CCB
:10AA50006B4A6C4B11F0010F18BF1346A28801938B
:10AA60006949237AC008000451F82330674940F04F
:10AA7000030004F087FA22785EE7057A5F49407A9E
:10AA8000614BA28853F8253051F820502069039279
:10AA9000029305F021FB00950190514D4E485C4911
:10AAA000401BC0080004DDE9023240F0020004F05F
:10AAB00069FA227840E74A4B4748A2885549C01AAC
:10AAC000C008000440F0010004F022FD227833E7C2
:10AAD000A2888068029205F0FFFA3F49029A034675
:10AAE0003F48081AC00800044B4940F0010004F038
:10AAF00023FC227820E73A4B37484849C01AC0085F
:10AB0000000440F0030004F0E5FD227814E78068BB
:10AB100005F0E2FA304B42490246314804E7304A38
:10AB20002D48A3883F49801AC0080004628840F07D
:10AB3000020004F001FC2278FEE6806805F0CCFA01
:10AB4000254B3949024626481B1ADB081B0443F0F3
:10AB5000020004F0DDFC2278EEE6214B1E4833496A
:10AB6000C01AC008000440F0010004F0B3FDA06862
:10AB700000283FF4E5AE16E71748194B2C49C01AD8
:10AB8000C00800042A4640F0020007B0BDE830408B
:10AB900004F0BEBC1048124B2649F0E7104B0E4C97
:10ABA0002549E41AE408240444F0020420462A4615
:10ABB00004F0AEFC13212846FFF78EFE00283FF478
:10ABC000BFAE05F089FA1D4902462B46204607B064
:10ABD000BDE8304004F0B0BB58680300984A030059
:10ABE000B0670300D44D0300445003003850030005
:10ABF000EC4903002C4A0300804A0300085003007C
:10AC000074620300C44A030010500300D04A0300DA
:10AC1000144B0300604B0300884B0300B84B030048
:10AC2000CC4B0300F04B03002C4C0300104E0300F0
:10AC3000284D0300884D03007C4C0300F04C0300BA
:10AC4000054B06480649181AC008000440F00200E7
:10AC500004F05EFC22786FE658680300B0670300DA
:10AC60005C4C03002DE9F041037886B00446152BB7
:10AC70001AD8DFE813F05101190019006401190016
:10AC8000190019001C0019001600190016001900FF
:10AC900019001900190019001900190019003800CD
:10ACA0003801BE4B01221A7006B0BDE8F081BC4DE0
:10ACB0002B78002BF8D1BB4BBB4CB84FBB49E41AE7
:10ACC000E408240444F00308404604F003FD3B7804
:10ACD000002B00F0228203F037F9002840F03D827B
:10ACE00001232B70E0E7AE4AB14EB24D3468002329
:10ACF0001370AA4A13701A1B02F0070204F007032C
:10AD000058BF53424FF6FF7235F8137097420FD079
:10AD100025F813203846FFF72DFD862800F08081A6
:10AD2000112800F07D81132840F2658205F070FE45
:10AD3000631C5A4202F0070203F0070358BF534254
:10AD40004FF6FF7235F8137097420FD025F8132095
:10AD50003846FFF70FFD862800F04981112800F0E2
:10AD60004681132840F24D8205F052FEA31C5A4240
:10AD700002F0070203F0070358BF53424FF6FF7279
:10AD800035F8137097420FD025F813203846FFF797
:10AD9000F1FC862800F0A881112800F0A581132875
:10ADA00040F21D8205F034FEE31C5A4202F0070215
:10ADB00003F0070358BF53424FF6FF7235F8137084
:10ADC00097420FD025F813203846FFF7D3FC86288A
:10ADD00000F07181112800F06E81132840F2F38198
:10ADE00005F016FE231D5A4202F0070203F0070386
:10ADF00058BF53424FF6FF7235F8137097420FD089
:10AE000025F813203846FFF7B5FC862800F03A8174
:10AE1000112800F03781132840F2CF8105F0F8FDAA
:10AE2000631D5A4202F0070203F0070358BF534262
:10AE30004FF6FF7235F8137097420FD025F81320A4
:10AE40003846FFF797FC862800F00381112800F0B0
:10AE50000081132840F2BD8105F0DAFDA31D5A429E
:10AE600002F0070203F0070358BF53424FF6FF7288
:10AE700035F8137097420FD025F813203846FFF7A6
:10AE800079FC862800F09A80112800F0978013281A
:10AE900040F2AB8105F0BCFD0734634203F00703C9
:10AEA00004F0070458BF5C424FF6FF7335F8147086
:10AEB0009F423FF4F9AE25F814303846FFF75AFCAC
:10AEC000862801D011282ED13268531C594201F036
:10AED000070103F0070325F8127058BF4B42002208
:10AEE000019233604EE083682D4948F20D620020E4
:10AEF0009342087003D0B3F5064F7FF4D5AE00231C
:10AF0000072201A8CDE90133CDE9033305938DF87C
:10AF10000420FFF7A7FEC7E68088FFF72BFC8628F2
:10AF20001ED011281CD0132804D8234BC340DB07A4
:10AF30003FF5BAAE06B0BDE8F04105F069BD037A51
:10AF4000012B3FF6B1AE00238288059301A8CDE91D
:10AF50000133CDE90333ADF80820FFF783FEA3E604
:10AF6000134814490268A48821F81240531C59421E
:10AF700001F0070103F007034FF0000258BF4B42F6
:10AF800001920360072301A8CDE90222CDE9042242
:10AF90008DF80430FFF766FE86E600BF61220020D0
:10AFA00060270020B0670300586803001C4E0300B0
:10AFB0006427002064220020C1000800336825F8BF
:10AFC000137001335A4202F0070203F0070358BF1F
:10AFD000534233600023CDE90133CDE903330593B8
:10AFE00001A807238DF80430FFF73CFE54E73368CF
:10AFF00025F8137001335A4202F0070203F00703E9
:10B0000058BF534233600023CDE90133CDE9033308
:10B01000059301A807238DF80430FFF723FEA5E66A
:10B02000336825F8137001335A4202F0070203F027
:10B03000070358BF534233600023CDE90133CDE904
:10B040000333059301A807238DF80430FFF70AFEA8
:10B050006EE6336825F8137001335A4202F0070296
:10B0600003F0070358BF534233600023CDE9013397
:10B07000CDE90333059301A807238DF80430FFF7CA
:10B08000F1FDEBE6336825F8137001335A4202F004
:10B09000070203F0070358BF534233600023CDE992
:10B0A0000133CDE90333059301A807238DF804305C
:10B0B000FFF7D8FDB4E6336825F8137001335A4220
:10B0C00002F0070203F0070358BF53423360002326
:10B0D000CDE90133CDE90333059301A807238DF8AA
:10B0E0000430FFF7BFFD7DE6336825F813700133A8
:10B0F0005A4202F0070203F0070358BF534233607D
:10B100000023CDE90133CDE90333059301A80723DB
:10B110008DF80430FFF7A6FD46E601A803F0BAF863
:10B1200080BBBDF80A30002B14BF012300233B7005
:10B130007FF4D1AD002301AA19461846FFF70CFB96
:10B14000064680B1052E29D0062E2DD0002E3FF4C4
:10B15000C2AD304605F05CFCA6E548F207629042BD
:10B160003FF4A2ADE6E6BDF804202949404604F0CC
:10B17000CFF9BDF80400FFF7E5FA0646D0B9012380
:10B180003B70DFE705F044FCBDF80A30002B14BF2C
:10B19000012300233B707FF487ADCBE71D4944F0CA
:10B1A000010004F097FA7FE51B4944F0020004F027
:10B1B00091FA79E505F02CFCE1E7184BC340DF0775
:10B1C0007FF52CAE2CE6154BC340DB077FF508AEB0
:10B1D00008E6124BC340D9077FF53EAE3EE60F4B63
:10B1E000C340DA077FF5DEADDEE50C4BC340DA077E
:10B1F0007FF550AE50E6094BC340DF077FF596ADB3
:10B2000096E5064BC340D9077FF5AEADAEE500BF6E
:10B21000384E0300644E0300844E0300C100080052
:10B220000378042B00D0704710B50E4B0E4904462E
:10B230000E486288C01AC008000440F0020004F002
:10B2400067F960881321FFF747FB43F2020290423F
:10B25000034602D033F0080300D110BDBDE8104012
:10B2600005F0D6BBB0670300C44E03005868030066
:10B2700030B4DDE9024570B169B163B105FB04FC8E
:10B28000944508D83CB135B1C0E90013C0E9024586
:10B29000002030BC7047072030BC70472DE9F041DA
:10B2A00000284FD003688046002B4BD04068002810
:10B2B00048D0D8F80830002B44D000250F46FF2492
:10B2C00029460FE0FF2C08BF2C462B1B0133BB4245
:10B2D00039D0D8F808300135EDB29D42294631D237
:10B2E000D8F8040001F02CFABFF35F8F0028E9D0F2
:10B2F000FF2C01D1FF24ECE7AC42FBD20134D8F89B
:10B300000020E4B205E0A542F4D9D8F800200134C9
:10B31000E4B2631EDEB2002AF5D0D8F8040000289B
:10B32000F1D0FF2EF3D0BFF35F8F314601F022FA48
:10B330000028E8D0D8F80400BFF35F8F314601F051
:10B340000DFAE0E7FF242046BDE8F081A0B138B552
:10B350000368044673B1406860B1FF290D4609D007
:10B36000BFF35F8F01F006FA20B1E168206801FBAE
:10B37000050038BD002038BD0020704748B138B501
:10B380000368044623B1406810B1FF290D4601D17E
:10B3900038BD7047BFF35F8F01F0ECF90028F7D09C
:10B3A0006068BFF35F8F2946BDE8384001F0D6B929
:10B3B0007EDF70477FDF704786DF70472DE9F043FF
:10B3C0002F4B87B08846197805461746FCF782FA56
:10B3D00005F5807300284FF0070198B214BF4FF0B5
:10B3E00001094FF00209FEF7EBFC10B105280646F3
:10B3F00023D101AC234B0022197801920423284663
:10B40000C4E90122C4E903228DF804308DF80C90C0
:10B41000ADF80E80ADF806508DF81070FCF776FA96
:10B42000BDF80600FDF7A6FD03462046ADF808303E
:10B4300000F0A4FE07B0BDE8F08304F04DFE124B0F
:10B44000124902461248C01AC00800042B4640F0B8
:10B45000010003F071FF0023CDE90133CDE904338E
:10B46000284608230396ADF806508DF80430FDF702
:10B4700081FD01ACADF80800204600F07FFEB9E781
:10B480007622002075220020B06703005050030090
:10B4900080680300F8B51C4C2378182B30D01B4D66
:10B4A0002B78182B28D01A4E3378182B20D0194F10
:10B4B0003878182818D02378182B09D02B78182B17
:10B4C00006D03378182B03D0182801D00020F8BDFF
:10B4D000114B12481249C01AC008000440F0010084
:10B4E00004F0F8F80320F8BDFCF7EAF93870E2E759
:10B4F000FCF7E6F93070DAE7FCF7E2F92870D2E7FA
:10B50000FCF7DEF92070CAE77522002077220020C0
:10B510007622002074220020B067030080680300B8
:10B52000804103002DE9F04190B00C4617460646D5
:10B53000FCF74AF92022054600210DEB020008F035
:10B5400003F9012D3ED0002D50D0002C43D03046C1
:10B55000FDF710FD2378DB0751D503AB06F58070AE
:10B56000072180B20122FEF72BFB1128014639D0BA
:10B5700000287CD15022049808F0E6F8049B1D7046
:10B580000499434B0F9301F13403089301F118031D
:10B590000C9330464B1C11310B970D93FDF700FDBA
:10B5A000014680B304F098FD3A4C3B4B3B49E41A0A
:10B5B000E40824040246334644F0020003F0BCFED3
:10B5C00008210FE0DFF8DC80002298F800103046F8
:10B5D000FCF79CF9DCB9852108AB22463046FFF721
:10B5E000E9FE0146084610B0BDE8F08143F20201D1
:10B5F000084610B0BDE8F0812278D207AED4002111
:10B60000234B0B970F93012D18BF0024E4E730461E
:10B61000FDF7B0FC4FF6FF7398429BD098F80010EE
:10B620003046FCF757F9002894D103AB01461422A9
:10B630001846019308F088F8052230468DF80C2052
:10B64000ADF80E60FDF796FC019BADF810001846B2
:10B6500000F094FD98F800103046FCF73BF9019B90
:10B660000028C9D12378D907B5D48521C8E704F0CB
:10B6700033FD084C084B0A49E41AE4082404024646
:10B68000334644F0010003F057FE0321AAE700BF50
:10B690006827002080680300B06703002051030082
:10B6A000BC5003007422002038B505460C46FCF758
:10B6B0008BF8012802D043F2020038BD3CB121468C
:10B6C0002846FFF775FE042808BF112038BD204624
:10B6D00038BD00BF2DE9F04F0388113B8DB0044603
:10B6E000092B25D8DFE803F04F24057024242424F7
:10B6F000BE278088FCF768F80128054600F03882EC
:10B7000007AD34F8040F0023062204340793C5E97B
:10B710000133C5E903338DF81C20ADF81E000994F0
:10B72000FDF728FC03462846ADF8203000F026FD42
:10B730000DB0BDE8F08FC94B80881978FCF7CAF8C6
:10B7400005460028F4D1A088FCF772F802460028CC
:10B7500040F0AD81C24B07921978A088ADF81E0069
:10B7600004238DF81C3041F20603CDE90922ADF81F
:10B770002630012308920B928DF82830FCF7C6F88A
:10B78000BDF81E0088E1037A8588B54E3D2B3178DF
:10B7900041F23D0328460CBF1C464FF48854FCF789
:10B7A00099F80028C4D0AD4B28461978FCF792F8D8
:10B7B0000246002800F05E810022214628460DB096
:10B7C000BDE8F04FFFF7FABD00F110094846FDF75C
:10B7D00027FC4FF6FF7306469E428346A08800F082
:10B7E000BC80DFF87C823146FDF7B0FCA08898F879
:10B7F000001003900122FCF789F8984B0398197800
:10B800000022FCF783F8974B039819780022FCF785
:10B810007DF807AD002307930398C5E90133C5E917
:10B8200003330223ADF81E008DF81C30FDF7A2FB98
:10B83000ADF82000284600F0A1FC05AA07213046FB
:10B84000FEF7BAF9002840F00681A77E17F001073D
:10B8500000F0B380069F97F84430D90740F1F38099
:10B860003437AAE0067A8788002E40F0D1807C4BDE
:10B87000324619783846FCF749F8637A5B0740F19D
:10B88000B78107F580791FFA89F905AB01220721F5
:10B890004846FEF795F98046002840F01781384663
:10B8A000FDF768FB4FF6FF7398420646054600F029
:10B8B000EB81C24607AD484632460721FEF7E0FA63
:10B8C0008046002800F0B281862800F09B8104F0B9
:10B8D00003FC654B6549009602466548C01AC008DE
:10B8E00000044FF0000940F001003B4603F03CFC2F
:10B8F000CDF81C900823C5E90199C5E9039938469C
:10B900008DF81C30CDF82480ADF81E70FDF732FBA9
:10B91000ADF82000284600F031FC637AA0888DF84D
:10B92000259013F0040F14BF012302238DF8243057
:10B9300003238DF81C30ADF81E00FDF71BFB0346FA
:10B940002846ADF8203000F019FCBAF1000F3FF4A2
:10B95000EFAE3046FDF704FCEAE6FDF70BFBDFF83F
:10B960000081B4F804A098F8001006460122504661
:10B97000FBF7CCFF394B002219785046FBF7C6FF86
:10B98000384B07AD1978002200275046FBF7BEFF61
:10B9900007970223C5E90177C5E9037750468DF87B
:10B9A0001C30ADF81EA0FDF7E5FAADF820002846E2
:10B9B00000F0E4FB5E457FF440AF0023A0881A4608
:10B9C0003946FFF7F9FC0828814600F00681002877
:10B9D00040F0B080A37EDA077FF5AAAE002F7FF497
:10B9E000A7AE04230797A08898F80010C5E901774F
:10B9F000C5E903773A468DF81C3041F20603ADF8ED
:10BA00001E00ADF82630FBF781FFBDF81E0087E66B
:10BA1000134C427A21783846C2F3010802F003053C
:10BA2000FBF758FF00283FF483AE0C4B38461978DB
:10BA3000FBF750FFB6B20246002800F009812A4603
:10BA400031463846BBE6494607F14600FDF7C6FADF
:10BA500000287FF405AF0027AFE700BF7722002062
:10BA60007522002076220020B0670300E052030018
:10BA70008068030007900990042328463178ADF8C8
:10BA80002640CDE90A22ADF81E5008928DF81C30F0
:10BA9000FBF73CFFBDF81E00FDF76CFA034607A854
:10BAA000ADF8203000F06AFB0DB0BDE8F08FB74B69
:10BAB000A08819782A46FBF729FFA088ADF81E0058
:10BAC00003238DF81C30ADF82450E5E704F004FBA7
:10BAD000AF4BB0490246B048C01AC008000440F05D
:10BAE00001003B4603F028FC08233846CDE90766F1
:10BAF000CDE90A668DF81C30CDF82480ADF81E70B3
:10BB0000FDF738FA07AD03462846ADF8203000F0BF
:10BB100035FB637AA088ADF81E0013F0040F14BF44
:10BB20000123022303228DF81C208DF824308DF888
:10BB30002560F5E504F0D0FA95490096024696484E
:10BB4000A388401AC008000440F00100934903F0A4
:10BB50000BFB0023A08807930822C5E90133C5E940
:10BB600003338DF81C20ADF81E00CDF82490D7E5E6
:10BB7000237A864AA0881178039003F00103C3F169
:10BB800002032A46DEB2FBF7C1FE854B0398197803
:10BB90002A46FBF7BBFE834B03981978A6F10102F6
:10BBA000B2FA82F25209FBF7B1FE0023CDE9073366
:10BBB000CDE9093303980B9302238DF81C30ADF8BF
:10BBC0001E008DF82460FDF7D5F907AD0346284621
:10BBD000ADF8203000F0D2FA93E56D4B6E48724913
:10BBE000C01AC008000440F0020003F073FD9FE596
:10BBF000A088ADF81E00032202238DF81C20ADF8AA
:10BC0000243049E7002307930722C5E90133C5E93A
:10BC1000033338468DF81C20ADF81E70FDF7AAF9E5
:10BC200003462846ADF8203000F0A8FA637AA088D1
:10BC3000ADF81E0013F0040F14BF012202220321ED
:10BC400001238DF81C108DF824208DF8253067E530
:10BC5000079009900A9004232178089238460B92A5
:10BC60008DF81C30ADF82660ADF81E708DF8288078
:10BC7000FBF74CFEBDF81E00FDF77CF9ADF8200087
:10BC800007A800F07BFA53E501460698FDF752F944
:10BC9000A842064682463BD0DFF814B1014638463A
:10BCA000FDF754FA9BF800103846FBF713FE824666
:10BCB00000287FF4FEAD07AD01461422284607F0A8
:10BCC00043FD052338468DF81C30ADF81E70FDF796
:10BCD00051F9ADF82000284600F050FA9BF800100A
:10BCE0003846FBF7F7FD034600287FF4E4AD627A9F
:10BCF000A088ADF81E0012F0040F14BF012202222A
:10BD000003218DF81C108DF824208DF8253007E5CF
:10BD1000FDF77EFC5045064607D031463846FDF714
:10BD200015FA4FF0010A07ADC5E5194B1A481F492E
:10BD3000C01AC008000440F0010003F0CBFC082347
:10BD4000CDE9078838468DF81C3004230993CDE9E6
:10BD50000A88ADF81E70FDF70DF907AD03462846B9
:10BD6000ADF8203000F00AFA637AA088ADF81E0022
:10BD700013F0040F14BF0123022303228DF81C20AB
:10BD80008DF824308DF82580CAE400BF752200208C
:10BD9000B06703005052030080680300E0510300C5
:10BDA000772200207622002070510300AC5203005D
:10BDB0007422002031F0080335D070B511298AB003
:10BDC0000C462ED00D2906462ED0084604F084F9E4
:10BDD000304B314902463148181AC0080004334636
:10BDE00040F0010003F0A8FA00233046CDE9053306
:10BDF000CDE907330993FDF7BDF80823ADF81660C8
:10BE0000ADF818008DF814300DF1140CBCE80F00DB
:10BE10006D460FC5DCF800302B6068460294FEF7D3
:10BE200057FB0AB070BD70471C4B1A481C49C01A1A
:10BE3000C008000440F002001546324603F068FBDB
:10BE400000233046CDE90533CDE907330993FDF7EB
:10BE500091F80423ADF81660ADF818008DF8143091
:10BE600005AC0FCC6E460FC6236833607DB12B78CE
:10BE700003F00103C3F10203DBB241F20112684691
:10BE80008DF80830ADF80A20FEF722FBC9E702233F
:10BE9000F3E700BF7868030004540300B0670300B1
:10BEA0004C5303002DE9F041244B8EB00026CDE920
:10BEB0000A66CDE90C661B68099309AC05468846FD
:10BEC00094E8070001AF87E8070009962846A660B6
:10BED000FDF750F80623ADF82800ADF826508DF890
:10BEE00024300FCC0DF1100CACE80F002368CCF817
:10BEF000003004A8CDF818800797FEF7E9FA104B38
:10BF000001991A682846FFF70DFB0E4BA0F11102AC
:10BF1000B2FA82F21978044652092846FBF7F6FC79
:10BF2000094B324619782846FBF7F0FC019A214666
:10BF30002846FFF73FFF0EB0BDE8F081B427002090
:10BF4000A82700207B2200207A2200200021FFF772
:10BF5000A9BF00BF2DE9F04306468FB017469846AB
:10BF60000C46002961D1454B0A91CDE90C111B68A3
:10BF7000099309AD0B9195E807000DF1040989E8D3
:10BF8000070030460994FCF7F5FF0623ADF82800BA
:10BF9000ADF826608DF82430AC46BCE80F0004AD47
:10BFA0000FC5DCF80030CDF81C9004A82B60FEF71C
:10BFB0008FFA334BDDF804901B78002B38D04946BC
:10BFC0003A463046FFF770FB2E4B1128197805468C
:10BFD00041D000223046FBF799FC112D0AD80D2DD7
:10BFE0000CD8DFE805F02B0B0B0B0B0B0B0B2B0B03
:10BFF0000B2B0B2B43F202039D421FD0284604F06B
:10C000006BF8214B214902462148C01AC0080004A0
:10C0100040F00100334603F08FF90324B8F1000F1C
:10C0200010D120460FB0BDE8F0834FF00009C6E7FD
:10C030009DF80D30002BC2D10524F2E72C46B8F153
:10C04000000FEED030464A462946FFF7B3FE2046A1
:10C050000FB0BDE8F08301223046FBF757FC0D4BD3
:10C06000224619783046FBF751FC0B4B3A461978BB
:10C070003046FBF74BFC0024D0E700BFB42700207C
:10C08000B12700207A220020B0670300705403001B
:10C0900078680300792200207822002010B50B4B2D
:10C0A00082B019780446FBF715FC094B0246197853
:10C0B00001922046FBF70EFC019A0146012320461F
:10C0C00002B0BDE81040FFF745BF00BF7822002056
:10C0D0007922002000294FD0F0B583B006460C46E7
:10C0E000FBF78CFB054670B33046FCF743FFA5F128
:10C0F000020507464FF6FF70381A2378B5FA85F522
:10C1000018BF01206D0923F0090345EAC0051D434E
:10C1100025703046FBF78CFB237860F341032370D6
:10C120003046FBF79DFB237860F382032370304693
:10C13000FBF7AEFB054650B12378002065F30413EE
:10C14000237003B0F0BD43F2020003B0F0BD3046EF
:10C15000FBF76EFB06460028EED06A4638460721FC
:10C16000FDF72AFD0028E7D1019B93F8443013F036
:10C17000010F18BF3546DFE70E20704770B5037812
:10C18000062B82B0044615D0132B0DD11E4B1A6816
:10C19000BAB14088FBF74CFB0546A0B9024660885F
:10C1A00001232946FFF7D6FE204602B0BDE87040C5
:10C1B000FEF78EB98168408802B0BDE87040FFF795
:10C1C00071BE0125EBE7237A6088C3F34006C3F311
:10C1D0000002B60046EAC206C3F3800346EA03162D
:10C1E00001A9E0238DF80430FFF774FF06F01C0668
:10C1F0009DF80430F6B220B936EA030314BF0125D6
:10C2000000252A460025CAE7B427002008B5037890
:10C210000C2B02D8082B02D808BD142BFCD1074BDD
:10C22000074918780022FBF793FB064B064918785C
:10C230000022BDE80840FBF78BBB00BF7B2200203B
:10C240004DBF02007A2200209DC0020010B51C4C98
:10C250002378182B0DD01B4C2378182B10D01A4C98
:10C260002378182B13D0194C2378182B16D00020C4
:10C2700010BDFBF725FB2070124C2378182BEED154
:10C28000FBF71EFB2070104C2378182BEBD1FBF72B
:10C2900017FB20700D4C2378182BE8D1FBF710FB0F
:10C2A00018282070E3D10A4B0A480B49C01AC0086D
:10C2B000000440F0010003F00DFA032010BD00BFA0
:10C2C0007A22002078220020792200207B22002080
:10C2D000B0670300786803008041030008B5FFF7EA
:10C2E000F9F9074B074918780022FBF731FB064B99
:10C2F000064918780022BDE80840FBF729BB00BFBB
:10C300007B2200204DBF02007A2200209DC0020047
:10C310000346002835D0027802F0820180292ED011
:10C32000C2F3021104292AD802F0F201322926D0E0
:10C3300041788078814222D8062920D910281ED839
:10C34000D97848071BD4187910F0040F17D101438E
:10C35000080714D4D00710D58A0710D010B40C4A9F
:10C36000186810601B790B490B4C137101230B707B
:10C37000226000205DF8044B70478907EED007204B
:10C3800070470548034A0360012111701846704741
:10C39000AC270020B1270020B42700202DE9F04170
:10C3A0003F4B8EB00025CDE90A55CDE90C551B68F1
:10C3B000099309AC06460F4694E807000DF10408FE
:10C3C00088E8070009953046A560FCF7D3FD0623F1
:10C3D000ADF82800ADF826608DF824300FCC0DF1B3
:10C3E000100CACE80F002368CCF8003004A8CDF89E
:10C3F0001C80FEF76DF82B4B01991B781BB99DF83B
:10C400000D30002B47D03A463046FFF74DF9112842
:10C41000254B044611D0197800223046FBF776FAF6
:10C42000112C20D80D2C22D8DFE804F0192121216D
:10C4300021212121192121192119197801223046A0
:10C44000FBF764FA194B002219783046FBF75EFAC5
:10C45000174B3A4619783046FBF758FA0024204625
:10C460000EB0BDE8F08143F202039C42F7D02046B3
:10C4700003F032FE0F4C104902461048241AE4081B
:10C48000240444F00100334602F056FF0324204602
:10C490000EB0BDE8F081052420460EB0BDE8F08165
:10C4A000B4270020B12700207A2200207922002022
:10C4B000782200207868030070540300B0670300FE
:10C4C000034653E8000F0A4643E8002C9CF0000F97
:10C4D000F7D17047034653E8000F40EA010243E8F2
:10C4E000002C9CF0000FF6D1704700BF034653E8C4
:10C4F000002F42EA010043E8000C9CF0000FF6D147
:10C50000704700BF034653E8002F02EA010043E8EA
:10C51000000C9CF0000FF6D1704700BF034653E8B3
:10C52000000F00EB010243E8002C9CF0000FF6D155
:10C53000704700BF034653E8002F02EB010043E8B9
:10C54000000C9CF0000FF6D1704700BF034653E883
:10C55000002FA2EB010043E8000C9CF0000FF6D185
:10C56000704700BF0346012253E8000F40EA020172
:10C5700043E8001C9CF0000FF6D1704703460122EF
:10C5800053E8001F41EA020043E8000C9CF0000F52
:10C59000F6D170470346002253E8000F00EA02017B
:10C5A00043E8001C9CF0000FF6D1704799B110B41D
:10C5B000B2FBF3F403FB1424A4B244B9C0E90014A1
:10C5C00084608281C38120465DF8044B7047092056
:10C5D0005DF8044B70470E20704700BF82B050E8F2
:10C5E000022FC188B2EB324F4FF0000317BF92B257
:10C5F00041EA014142EA014104E04268B2EB324FB4
:10C6000008BF012340E80212002AE8D18DF8073064
:10C610009DF80730002B0CBF1120002002B070479E
:10C6200010B483B050E8013F1FFA83FCC489A444CE
:10C630008489A44528BFACEB040C0489A44502BF3F
:10C64000BFF32F8F002207E0CCEA030C40E801C4BF
:10C65000002CE7D14FF001028DF803200193019CDB
:10C660009DF803200C6032B1006810FA84F003B02A
:10C670005DF8044B704702F0FF03184603B05DF805
:10C68000044B70470A884B889A4201D000207047BB
:10C6900050E8012FC2EA024240E80123002BF7D103
:10C6A0000120704710B483B050E8023F1FFAA3FC8A
:10C6B000C488A44502BFBFF32F8F00220EE0C489B7
:10C6C000A4448489A44528BFACEB040CC3EA0C4CF9
:10C6D00040E802C4002CE7D14FF001028DF803209E
:10C6E0000193019C9DF803200C6032B1006800EBBF
:10C6F000144003B05DF8044B704702F0FF03184686
:10C7000003B05DF8044B70470A884B889A4201D009
:10C710000020704750E8022FC2EA224240E802237C
:10C72000002BF7D1012070474B0901F01F024FF099
:10C73000010C0CFA02F100EB8300FFF7D7BE00BF3B
:10C740004B0910B501F01F040121A14000EB83004B
:10C75000FFF7C0FEE04000F0010010BD01F01F0235
:10C76000012303FA02F24B0900EB8300D143FFF7E8
:10C77000C9BE00BF4B0901F01F0150F82300C8409B
:10C7800000F00100704700BF2DE9F04F01F1FF3BC1
:10C7900083B04FEA5B130F460546019300264FF026
:10C7A000010A55F8264005EB8608E44394FAA4F400
:10C7B000FCB1B4FA84F404EB46144FEA4619A742DC
:10C7C00017D904F01F0360090AFA03F105EB800092
:10C7D0009B46FFF77FFE20FA0BF0C30711D5D8F870
:10C7E0000030DB4393FAA3F3B3FA83F44C44002BF9
:10C7F000E5D1019AB24206F1010301D01E46D0E70D
:10C800003C46204603B0BDE8F08F00BFD0B110B465
:10C81000D0E90112521A0468D2B2531E2160DBB271
:10C8200052B101680A6803F1FF3C541C0C6013709C
:10C830005FFA8CF3FF2BF4D10368002018715DF8C8
:10C84000044B70470E20704730B583B00446002576
:10C850000DF107008DF8075004F020F9D4E90031FC
:10C860001A688A4210D9511E19602168A3680D68A0
:10C8700012F8012C208A5B1BE56800FB02550A793F
:10C88000DBB29A4238BF0B719DF8070004F02CF917
:10C89000284603B030BD00BF30B5054683B00DF16A
:10C8A000070000230C468DF8073004F0F7F82A68DB
:10C8B0001368591C1160E9682A8A641AB4FBF2F4FF
:10C8C0001C709DF8070004F00FF903B030BD00BFE5
:10C8D000032806D8012A06D001291BD0022908D036
:10C8E00071B107207047012911D002294FF00002D1
:10C8F000F6D10B4B00EB4000034400205A70704708
:10C90000074B00EB4000034408469A70704700F163
:10C910000E02D2B200EB400301490020CA54704716
:10C92000B827002010B50388102B07D0112B04D195
:10C93000254B18680138186030B110BD224C2168B1
:10C9400011B30131216010BD01220221FFF7C0FFA8
:10C9500040B1072806D01D4B1B68002BEDD0BDE869
:10C9600010401847072202210120FFF7B1FF08B14C
:10C970000728F0D100210A220846FFF7A9FF002866
:10C98000DBD00728E7D1D8E701220846FFF7A0FF50
:10C9900038B1072805D00D4B1B6803B198472168B3
:10C9A000CFE7072202210120FFF792FF08B10728F5
:10C9B000F1D1042202210020FFF78AFF0028EED0E7
:10C9C0000728E8D1EBE700BFC8270020C4270020D4
:10C9D00038B5174B1D783DB3164A1168C0B2002315
:10C9E0000C4604E00133AB4204F108041CD011F8FA
:10C9F00033209042F6D106F0F5F96378A3F10103F4
:10CA0000B3FA83F35B09834200D038BD0A4BD3E904
:10CA100000231343F9D1094B094819680022BDE8E6
:10CA20003840490803F0BCBD00231B78FFDE00BF7F
:10CA3000CC27002000280020D8270020D027002065
:10CA4000802200202DE9F04FDFF8788298F800303E
:10CA500083B0002B00F02B81DFF86C92954F964E3F
:10CA600000254FF0010AD7F800B01BF8350006F09A
:10CA7000B9F91BF835400BEBC50361085B7816F874
:10CA800001C014F0010EA3F10103B3FA83F314BF44
:10CA90004FEA1C120CF00F025B09042A00F2EA8034
:10CAA000DFE802F0725F33200300834240F09F8092
:10CAB000BEF1000F0CBFF0230F230CEA030C0CBFD8
:10CAC0000323302343EA0C03735498F80020013504
:10CAD0009542C8DBD9E90023134340F0DE8003B060
:10CAE000BDE8F08F834200F0C580BEF1000F0CBF9F
:10CAF000F0230F230CEA030C0CBF0423402343EA6A
:10CB00000C03735498F80020E1E7834240F0B580AD
:10CB1000BEF1000F0CBFF0230F230CEA030C98F8B2
:10CB200000200CBF0323302343EA0C037354002A74
:10CB3000D0D0D7F800C00023614603E0934201F152
:10CB40000801C4D01CF83300A04203F10103F5D161
:10CB50004B68002BBBD020460121984798F8002055
:10CB6000B5E7834219BF00231A4620230222BEF1F3
:10CB7000000F16BF1A46F0230F230CEA03031A43D3
:10CB8000725498F80020A2E7834273D14FF000035B
:10CB9000BEF1000F8DF8073014BF0F23F0230CEA0D
:10CBA000030C14BF1023012343EA0C030DF107000B
:10CBB000735403F073FFA4F12003C4F120022AFA96
:10CBC00002F20AFA03F31343D9F800209DF8070094
:10CBD0000AFA04F42243C9F80020D9F804201343C8
:10CBE000C9F8043003F080FF98F800206FE7BEF129
:10CBF000000F14BF0F23F0230CEA030398F800C0C2
:10CC00007354BCF1000F12D038680023024603E0D1
:10CC1000634502F108020AD010F83310A14203F173
:10CC20000103F5D1536813B10021204698474FF016
:10CC300000030DF107008DF8073003F02FFFA4F17A
:10CC40002003C4F120022AFA02F20AFA03F3134382
:10CC5000D9F800209DF807000AFA04F422EA040239
:10CC6000C9F80020D9F8042022EA0303C9F80430E7
:10CC700003F03AFF98F8002029E7BEF1000F0CBF3F
:10CC8000F0230F230CEA030C0CBF0123102343EA0B
:10CC90000C03735498F8002019E7084B08481968EA
:10CCA0000022490803B0BDE8F04F03F079BCDFF87B
:10CCB00018900FE700280020E0270020D027002050
:10CCC00080220020CC270020D8270020092A3FD925
:10CCD000F0B583B0144605460E4605F007FF88B34D
:10CCE000204B214A1E70214B1560002120481C60FA
:10CCF000202206F029FD1F4B00200021741EC3E9ED
:10CD00000001E4B236B31C4F05EBC404032602E075
:10CD1000A5421FD01C469DF8063094F802C020782A
:10CD20008DF8046023F007033A4601A98DF8063018
:10CD30008DF805C005F0E4FEA4F108030028E7D053
:10CD400003B0F0BD05F078FE0028C9D003B0F0BDF7
:10CD500007207047094A0A48002103B0BDE8F040A7
:10CD600003F006BCCC27002000280020D02700209C
:10CD7000E0270020D8270020D1C9020045CA0200C0
:10CD8000E454030070B5084D2B785BB1074E0024C6
:10CD90003368012113F8340005F0B4FF2B78013417
:10CDA000A342F5D8002070BDCC2700200028002029
:10CDB00001600B6843604A68934204BF00234360EC
:10CDC000704700BF436843B1026891680B444360F9
:10CDD0005268934204BF0023436070470223F0B5BA
:10CDE0000B8000F5805E083082B32A4D4FF6FF7449
:10CDF0000126036801331FD0478807F1030C00EBBD
:10CE00008C0CE6451CD38388A34216D00388A3B1BB
:10CE10008368B3F1FF3F10D0D5F800C09C4501D224
:10CE20002B6047880B8803333B440B8043880333D4
:10CE300000EB83008645DCD8F0BD16704788F1E72B
:10CE4000012313704FF480630B80F0BD114D4FF63A
:10CE5000FF7403680133EFD04388DA1C00EB8202D1
:10CE60009645EFD38288A24209D002883AB18268FF
:10CE7000561C04D02E68B24284BF2A6043880A88B8
:10CE8000033213440B804388033300EB8300864551
:10CE9000DFD8F0BD3C2800202DE9F04143688846EA
:10CEA0001BB1334AD468A3423CD2324E0023A8F8C7
:10CEB00000307268012702F5805C4FF6FF7508327A
:10CEC00094450DD8022FA8F8007006F114064CD036
:10CED000726802F5805C083294454FF00207F1D980
:10CEE00013680133EED05388033302EB83039C4570
:10CEF000E8D3B2F804E0AE4509D014883CB1946898
:10CF0000611C04D00168A14205D01A46D8E79C45AF
:10CF1000D8D91A46E4E7184B42601B8903810120E7
:10CF2000BDE8F08112699342BFD813F00305BCD16C
:10CF3000114A048912899442B7D104689A689442CC
:10CF4000B3D10C484268934203D902F58052934210
:10CF500007D38269934208D902F58052934204D2E2
:10CF60000125A8F800500120DAE70020D8E700BF2B
:10CF70008023002044280020282800202DE9F04F9D
:10CF80009B4F8BB004464FF6FF783E68002E00F0B2
:10CF9000BA803278531E052B00F26E82DFE803F070
:10CFA00058212103033E002C40F0B4803379012B3B
:10CFB00000F0B682022B00F0C580002B00F08E82BC
:10CFC00005AD0594C5E902442C6148F20E6406944F
:10CFD0003378023B042B49D8DFE803F08975696296
:10CFE0004500B6F814A0002C40F05682814D0AEBA3
:10CFF0008A0305EB83034FEA8A091C895B6803EB0C
:10D000008404B37D062B00F22C84DFE813F0790151
:10D0100066019901880145012E010901002C79D191
:10D02000DFF8F0C19CF80C30002B00F0AA809CF8CF
:10D0300000308CF80C40013B062B00F21D82DFE82B
:10D0400013F01903D502C201AE011B0205039A01B8
:10D05000002C40F01A823379032B00F28780DFE83E
:10D0600003F0BA63789F05238DF81430624C04F105
:10D07000100654F8043B284603B19847A642F8D15D
:10D080005E495F4800243C60FFF73EFB5D4801219C
:10D09000FFF75CFA00287FF478AF0BB0BDE8F08FA3
:10D0A00004238DF81430F388ADF82030DEE7032335
:10D0B0008DF81430F388ADF820303389ADF8223084
:10D0C000F3680793D2E702238DF814303389ADF863
:10D0D0002030B388ADF82230F3680793B37DA3F115
:10D0E0000603B3FA83F35B098DF82430BEE701230E
:10D0F0008DF814303389ADF82030B388ADF8223084
:10D10000F3680793B2E73D493D48FFF7CBFA06467F
:10D1100038603EE74FF4064405AD0023C5E900330F
:10D12000C5E902332B6152E7324D2B78022B00F018
:10D130007C832B7D022B00F08883334B01221A70F5
:10D1400000225A6005AD00240594C5E902442C6113
:10D150003DE72E4A2E480221002333719180116849
:10D16000012201F019FA002897D03E68264A05AD41
:10D17000002305935360C5E902332B6148F20D6427
:10D1800025E79CF80030072B00F2A282DFE813F0BD
:10D19000B602A002A002D102ED02F300F3009A024F
:10D1A0001A4C1C4B21681A480022327100925D888B
:10D1B00005EB85030F4D05F8232005EB8305A388B8
:10D1C0002B816B6823600223A380134A69600823C4
:10D1D00001F050F9C7E701230C49337100230968B6
:10D1E0000E4A00930A48082301F044F9BBE700BF48
:10D1F0004028002044280020102800203828002043
:10D20000F828002008290020202800200C290020D0
:10D210008023002028280020EC540300F45403004D
:10D22000324641F61D5409EB0A0105EB8101F388F2
:10D230000889033303440B81D144F38805EB890546
:10D240001646C3F57F436A89FD3313446B8105ADF0
:10D2500041F61D5200239442059308BF1C46C5E9C0
:10D2600002332B613FF4B3AEC0E2A54BA54A596827
:10D27000A54BA6481C880623B375002300930423FE
:10D2800001F0F8F810BB04EB840305EB83050123E0
:10D290002B740BB0BDE8F08F9948B3699A490360CD
:10D2A0004FF0000BC0F804B0FFF7F6FD002800F0C7
:10D2B000AF820223B37504239448CDF800B0214611
:10D2C000F21801F0D7F800283FF4E7AEB37D3A68D2
:10D2D000022B48F20D64AFD9A5E7032A0CBF052342
:10D2E0000623B375002300938848211D042306F10B
:10D2F000080201F0BFF80028E8D10BB0BDE8F08FBC
:10D300000223B37500230093042380482146F218BA
:10D3100001F0B0F80028D9D10BB0BDE8F08FF38848
:10D3200032690120B0750020009004F10C017748AB
:10D330009B0001F09FF80028C8D10BB0BDE8F08F2A
:10D3400033697248002B14BF03230123B3750023F4
:10D35000009304F10801042306F10C0201F08AF89D
:10D3600000283FF49AAEB37D3A68022B48F20D6470
:10D370007FF662AF57E7664A6448116800230722C8
:10D380008CF800200093634ACCF80430082301F0A5
:10D3900071F80446002C3FF480AE3E6857E7BCF8B5
:10D3A00002305D4D03EB830305EB8305EB68002B37
:10D3B00054D16968554804228CF80020012201F0FC
:10D3C000EBF80446E6E7DCF80420514853888488EB
:10D3D0000168033301EB8401002003249BB2009019
:10D3E0009B008CF80040494801F044F80446D1E71E
:10D3F00001200346ACF8023000EB800305EB830309
:10D40000DCF8042059684FEA800E01F58056002AA6
:10D4100000F01D825388033302EB8302964217D932
:10D420001368013314D05388033302EB83039E4205
:10D430000ED39488444505D014881CB194680134F7
:10D4400040F001819E4203D91A4613680133EAD1A4
:10D45000704405EB8005EB68002BABD02C4A2B48C1
:10D460000523022191808CF80030116800230122ED
:10D4700001F092F804468DE705AD0023059348F2CC
:10D480000E64C5E902332B61A1E5244B00225A60EA
:10D490004FF4064405AD40E6B37D1F4D022B08D97D
:10D4A0000AEB8A0205EB8202F388118903330B44ED
:10D4B00013814FEA8A09D144F38805EB8905C3F546
:10D4C0007F436A89FD3313446B8105AD00230593C7
:10D4D0004FF40644C5E902332B6178E5022333712A
:10D4E000CDE9064405ADF36805930DF11201284618
:10D4F000FFF7D2FC002840F04D8148F209640CE6A9
:10D5000004280020E854030018290020802300206C
:10D510000C290020F4540300442800202028002077
:10D52000B44B1B78002B00F05581DFF8D0E2BEF839
:10D530000490B9F1010F11D8AF4D039409EB8902A2
:10D5400005EB8202137883B109F101091FFA89F30F
:10D55000012BAEF8049002F11402F3D9A748082277
:10D56000002106F0F1F83E68ECE55368DEF80010A3
:10D5700003F5805C03F1080A002900F029814B883B
:10D58000033301EB83018C4506D8039BCEF80030B2
:10D59000DAE79C45F9D919460B680133F5D04B8879
:10D5A000033301EB83039C45EFD38C884445F0D0D3
:10D5B000B1F800B0BBF1000FEBD088680130E8D0C3
:10D5C000F388CEF80010A342D6D1002300938C4AF2
:10D5D0008C48042300F04EFF002840F03B8109EB0B
:10D5E000890905EB890501232B7456E5BCF8020077
:10D5F000814DDCF8042000EB800305EB83034FEA48
:10D60000800E596801F58056002A40F0A98001F18A
:10D610000802B242BFF41CAF136801333FF418AFE5
:10D620005388033302EB8303B3423FF611AF948870
:10D63000444500F0C8801488002C00F0C480946831
:10D64000013400F0C080CCF80420BEE6BCF8022013
:10D65000694D9300134405EB830506240023696894
:10D66000694A009367488CF80040082300F002FFE5
:10D6700004468FE69CF80A304BB15F4DE868002302
:10D680008CF80A3018B92B7C002B40F0E8809CF80D
:10D690000B3053B1584D00238CF80B302B6A23B953
:10D6A00095F82430002B7FF4A3AE05AD002305933D
:10D6B0008CF80030C5E90233ACF80230CCF8043005
:10D6C0002B6184E401238CF800309CF80A30D3E706
:10D6D000013B062B3FF6D0AE01A252F823F000BF6B
:10D6E00075D60200EDD50200C7D302009FD3020019
:10D6F00079D402004DD6020077D302003E4DBCF82B
:10D7000008302A7D0133ACF80830B2FA82F22B7867
:10D710005209B3FA83F38CF80B2000225B09ACF8B2
:10D7200002208CF80C2001228CF80A308CF80020A2
:10D73000A2E7BCF80200304D344CDCF8042000EBCA
:10D74000800305EB830356885968A3880333334469
:10D75000A38002238CF8003000FA03FE01F5805606
:10D760005388033302EB830253E7BCF80220224DB7
:10D77000264902EB820305EB8303888818815868E9
:10D780000C6808600220888000215C60197402FA2D
:10D7900000F35FE706991A4A8B88F3800B88338180
:10D7A000184800940423BDF8124000F063FE0028DE
:10D7B00037D1114B04EB840403EB8404012323745D
:10D7C0000BB0BDE8F08FB342BFF442AE1A4623E778
:10D7D0005146D8E605AD21460848082205F0B4FFB9
:10D7E0000594C5E902442C6148F201643E68FFF7E4
:10D7F000EEBB00BF20280020442800201C29002068
:10D80000E854030080230020EC5403000C2900207E
:10D8100005AD059048F20964C5E902002861FFF7EB
:10D82000D6BB3E6848F20D6477E4002303EB830324
:10D8300005EB83020D485168002205F82320009271
:10D8400008230B4A00F016FE8DE40123EEE701F1F8
:10D850000802E3E53E6848F20D6405AD5DE4034669
:10D86000C8E5324648F20E64DDE400BF80230020A4
:10D87000EC5403004068FFF781BB00BF094A116800
:10D8800004290BD038B5084C156803460121104611
:10D8900044F82530FEF74EFE002038BD48F20B60FC
:10D8A000704700BF14290020102800202DE9F04FF8
:10D8B000974D89B02A780023CDE90333CDE90533AC
:10D8C000079372B1934C04F1100554F8043B03A87C
:10D8D00003B19847A542F8D10024204609B0BDE81D
:10D8E000F08F281D02F0FF08FEF73CFE0028F3D160
:10D8F000D8F8F83F5C1C42D04FF080521169526951
:10D90000DFF838928449C9F810300022A3F540535B
:10D910004846C9F80C3000F075FD04460028DCD1FB
:10D920007E497F48DFF818A21C238C22FEF73EFEBA
:10D9300026464FF0030B2746D9F80C30F018F35861
:10D9400000F0DD80774A934225D14368764A9342BE
:10D9500073D00132934220D1B8F1000F40F096808D
:10D96000724B7349186000220193FFF737FA019B4D
:10D970009B88022B0CBF042308231C4326E04FF096
:10D9800010234FF080525B6911695269581C08BF1F
:10D9900002FB01F3B4E701330AD1031D00F5805106
:10D9A00001E099425FD01A68013203F10403F8D014
:10D9B00007EB87030AEB83020BF1FF3B5060032266
:10D9C00001370AF823201FFA8BFBBFB206F58056F9
:10D9D000B6F5405FB0D1BBF1010F40F28A80E4B2EE
:10D9E000062C0ED14B4C012200232A706B6004F1EF
:10D9F000100554F8043B03A803B19847A542F8D199
:10DA00006AE702D814F0FD0F73D002A94448FEF76C
:10DA100007FE1C220546002105F096FE002D62D06F
:10DA20000123013C2B700A2C48D8DFE804F045475D
:10DA3000454759475947565F560007EB87030AEB9E
:10DA400083029900506001F1100208314FF0000C80
:10DA50005244514401370AF823C044F00204FFF74E
:10DA6000BDF9BFB2B2E7314B1A68FAB1314A07EBE0
:10DA700087010AEB81035780022201370AF821202F
:10DA80005860BFB21A8144F001049FE707EB870C8E
:10DA90000AEB8C020221254B0AF82C101181254932
:10DAA0004F80196851600137BFB25AE702221860EF
:10DAB0009A804FF00108E6E700232B7102A918486D
:10DAC000FEF7E0FD1C480121FEF728FD0446002872
:10DAD0007FF402AFFFF752FAFFE603232B71EDE765
:10DAE00001232B71EAE748F20764F6E602232B7163
:10DAF000E4E700232B7048F20A646B60EDE65A1CE1
:10DB00003FF44BAF074A93423FF447AF50E700BFA3
:10DB10002028002010280020F85603006C28002040
:10DB2000F8280020DEC0ADDEFE011EF10C29002029
:10DB30001029002028280020082900208023002008
:10DB40004428002030B370B50D4682B0F1B10DF11C
:10DB500006010446FFF7A0F918B948F2096002B0BF
:10DB600070BDBDF806000D4B666800EB800003EB4E
:10DB7000800001210C30FEF7DDFC2E60636801227D
:10DB80000C3300206B60A27202B070BD48F20460DA
:10DB900002B070BD48F20460704700BF4428002006
:10DBA00010B310B582B00DF106010446FFF774F909
:10DBB000B0B1BDF806300E4A03EB830302EB8303DA
:10DBC000DA684AB1A27A3AB1DA680021013A084625
:10DBD000DA60A17202B010BD48F2056002B010BD5B
:10DBE00048F2096002B010BD48F20460704700BFFF
:10DBF000442800202DE9F047514B1B7882B083B3B5
:10DC00000C46002945D00A884FF6FF739A4222D06D
:10DC10004B8803B34D6815F0030534D1B1F8089073
:10DC200009F103039BB240F2FE32934234D8454AD5
:10DC30001178074639B9508911890144194489B2CC
:10DC4000B1F5806F2BD9117D89B148F20665284660
:10DC500002B0BDE8F08748F20365284602B0BDE88F
:10DC6000F08748F20165284602B0BDE8F087D08B06
:10DC7000918B0144194489B2B1F5806FE5D84FF01A
:10DC80000108C2460DE048F20265284602B0BDE830
:10DC9000F08748F20465DAE748F20865D7E7A84656
:10DCA000AA460AEB8A0A02EB8A0A034401A926481B
:10DCB000AAF80A30FEF7B4FC1C220646002105F043
:10DCC00043FD002E2FD0A6F8148002234FF0000849
:10DCD00086F8168033706368336101211B48FEF7B4
:10DCE00029FCF0602388338163881748B38001A939
:10DCF000A6F80690A6F80A80FEF7C4FC47B1C7F85C
:10DD00000480F268124B3A601B8987F80A803B81D5
:10DD100010480121FEF702FC0446002897D1FFF7C6
:10DD20002DF9254693E7BAF80A30C9F57F4909F17C
:10DD3000FD099944AAF80A9048F2076587E700BFF1
:10DD40002028002044280020F82800203C2800201B
:10DD500028280020082900202DE9F04782B068B368
:10DD6000524B1B78002B41D00C4639B30A884FF632
:10DD7000FF739A4234D04B8893B34E6816F0030673
:10DD80003AD1B1F808A00AF103039BB240F2FE3287
:10DD9000934234D8464A1178054639B951891089D9
:10DDA0000844184480B2B0F5806F2BD9117D59B169
:10DDB00048F20666304602B0BDE8F08748F20466D5
:10DDC000304602B0BDE8F087D18B908B08441844F0
:10DDD00080B2B0F5806FEBD84FF00109C84613E070
:10DDE00048F20366304602B0BDE8F08748F20166AB
:10DDF000304602B0BDE8F08748F20266DAE748F242
:10DE00000866D7E7B146B04608EB880802EB8808F9
:10DE10000B442848A8F80A3001A9FEF701FC1C228F
:10DE20000746002105F090FC002F32D04FF000088B
:10DE30000323A7F8149087F816803B7063683B6152
:10DE400001211D48FEF776FBF86023883B8163883B
:10DE5000BB800423A7F806A0BB752B68BB6101A992
:10DE60001448A7F80A80FEF70DFCC5F80480FA688C
:10DE7000124B2A601B89124885F80A802B810121E8
:10DE8000FEF74CFB0446002894D1FFF777F82646AE
:10DE900090E7B8F80A30CAF57F4A0AF1FD0A9A44B9
:10DEA000A8F80AA048F2076684E700BF20280020EF
:10DEB00044280020F82800203C28002028280020A2
:10DEC0000829002070B51D4B1B7882B00BB34FF6AC
:10DED000FF739842044626D001A91948FEF7A0FB1B
:10DEE0001C220546002105F02FFCBDB105230126AB
:10DEF0002B70EC8001A912482E71FEF7C3FB11486C
:10DF00003146FEF70BFB044690B10024204602B0D8
:10DF100070BD48F20164204602B070BD48F207644B
:10DF2000204602B070BD48F20364204602B070BDC6
:10DF3000FFF724F8204602B070BD00BF2028002063
:10DF4000F82800200829002010B5194B1B7882B052
:10DF5000F3B101A91748FEF763FB1C220446002118
:10DF600005F0F2FBF4B106232370124801A9FEF775
:10DF700089FB114B1A780AB101221A730F4801214B
:10DF8000FEF7CCFA044640B10024204602B010BD92
:10DF900048F20164204602B010BDFEF7EFFF2046B4
:10DFA00002B010BD48F20764204602B010BD00BFA9
:10DFB00020280020F82800202828002008290020F8
:10DFC0002DE9F047374C2478002C5FD0002A61D02F
:10DFD000002B5FD09C88012C60D8334D661C04EB6D
:10DFE000840405EB84058A462C78B6B24FF6FF7799
:10DFF0004FF0000844B1022E9E8005F114054DD06B
:10E000002C780226002CF6D11C68D5F804C00CF53B
:10E01000805E002C37D0B4F802C00CF1030C04EB86
:10E020008C04744505D3C3F80080E4E7E645FAD9CB
:10E03000644621680131F6D0B4F802C00CF1030C3B
:10E0400004EB8C0CE645EED3B4F80490B945EDD062
:10E05000B4F80090B9F1000FE8D0A1680131E5D023
:10E060001C60B4F804C08445CFD1B4F800C0D445D6
:10E07000CBD1A168116019680C4B51601B891381C9
:10E080000020BDE8F0870CF10804CAE748F20160FF
:10E09000BDE8F08748F20460BDE8F08748F2096007
:10E0A000EFE700BF20280020442800202828002077
:10E0B000364B1B78002B60D0002961D0002A5FD03E
:10E0C0002DE9F043B2F804E0BEF1010F5BD8304B0C
:10E0D0000EF101050EEB8E0E03EB8E0EADB29EF827
:10E0E00000304FF6FF764FF000094BB1022D9580BE
:10E0F0000EF1140E47D09EF800300225002BF5D10A
:10E100001368DEF804C00CF58054002B32D0B3F84D
:10E1100002C00CF1030C03EB8C03A34205D3C2F83D
:10E120000090E3E76445FAD963461F680137F6D0EB
:10E13000B3F802C00CF1030C03EB8C0C6445EED376
:10E14000B3F80480B045EDD0B3F80080B8F1000F0B
:10E15000E8D09F680137E5D013601C888442D0D195
:10E160009B680B6012680B4B4A601B890B81002077
:10E17000BDE8F0830CF10803CFE748F20160704777
:10E1800048F20460704748F20960F1E72028002057
:10E190004428002028280020364B1B78002B60D014
:10E1A000002961D0002A5FD02DE9F043B2F804E0E5
:10E1B000BEF1010F5BD8304B0EF101050EEB8E0E58
:10E1C00003EB8E0EADB29EF800304FF6FF764FF0A7
:10E1D00000094BB1022D95800EF1140E47D09EF828
:10E1E00000300225002BF5D11368DEF804C00CF5D1
:10E1F0008054002B32D0B3F802C00CF1030C03EBB7
:10E200008C03A34205D3C2F80090E3E76445FAD932
:10E2100063461F680137F6D0B3F802C00CF1030C57
:10E2200003EB8C0C6445EED3B3F80480B045EDD01D
:10E23000B3F80080B8F1000FE8D09F680137E5D04F
:10E2400013609C888442D0D19B680B6012680B4B92
:10E250004A601B890B810020BDE8F0830CF10803A4
:10E26000CFE748F20160704748F20460704748F217
:10E270000960F1E7202800204428002028280020F9
:10E2800020B119B103680B600020704748F20460A8
:10E29000704700BF2DE9F84F574B1B78002B00F05B
:10E2A000A3800446002800F0A3801222002105F07C
:10E2B0004BFADFF84C8160882189B4F80AC0A7893D
:10E2C0004E4A0323238000254FF6FF7E5389B2F880
:10E2D0000890994453681FFA89F9002B56D01E689C
:10E2E000464553D15B6803F16E6303F5FF33023398
:10E2F000012B4BD8414ECC44C9F5806305EB850911
:10E3000006EB89099BB2D9F80C90484480B2608032
:10E31000B2F80A904944BB421FFA8CFC89B288BF0C
:10E32000A3812181A4F80AC0D2F8049088BF1F46B7
:10E3300009F1080309F580591E68013621D0B3F8A8
:10E3400002A00AF1030A03EB8A0AD14538D3B3F8D5
:10E3500004A0F2451ED0B3F800A0BAF1000F19D006
:10E360009E68013616D0B4F804A00AF1010AA4F898
:10E3700004A0B3F802A00AF1030A03EB8A0399454B
:10E38000DAD8143275B30020BDE8F88F2388013B3A
:10E390002380AFE7B4F806B0B4F80EA00BF1010B80
:10E3A000A4F806B0B3F802B00AF1030ADA44A4F8FC
:10E3B0000EA0B3F802A00AF1030A03EB8A03DEE71A
:10E3C000A9EB03094FF00103B4F806A02374E38915
:10E3D0000AF1010A03EBA903A4F806A0E3811432B1
:10E3E000002DD0D1012571E748F20160BDE8F88F1A
:10E3F00048F20460BDE8F88F20280020442800205F
:10E40000DEC0ADDE10B582B038B1B9B101600B68C5
:10E41000114602B0BDE810401847104B1048114A91
:10E420001149C01AC0080E240004104B009440F09B
:10E43000010000F099FE0E2002B010BD074B084805
:10E440000B4A0949C01AC0080E240004074B009467
:10E4500040F0010000F088FEEDE700BFB067030068
:10E4600020680300FC54030004550300D856030041
:10E47000305503002DE9F04182B0002859D01546EF
:10E48000002A5FD00768002F65D01C466BB3466832
:10E49000D6F80480B3FBF8F608FB163676BB11F00D
:10E4A000030F34D1AD073BD1C568A94211D22E4B21
:10E4B0002E482F4AC01A1024C0082E4BA0402E49C7
:10E4C000009440F0010000F04FFE204602B0BDE88D
:10E4D000F081056901F1FF3E7444AC42E7D8FC6865
:10E4E000A44602B0BDE8F04160471F4B1F48234AD5
:10E4F000C01AC0081F4B09240004E0E71A4B1B4850
:10E500001F4AC01AC0081B4B09240004D7E7164B4A
:10E5100016481C4AC01A1024C008164BA040CEE76B
:10E52000114B1248184AC01A1024C008114BA040C1
:10E53000C5E70D4B0D48154AC01AC0080D4B0E24F7
:10E540000004BCE7084B0948114AC01AC008094B2F
:10E550000E240004B3E7044B04480E4AC01AC00856
:10E56000044B08240004AAE7B067030020680300F6
:10E5700000560300C4560300045503004C55030025
:10E5800098550300C4550300DC550300FC540300F8
:10E590009055030038550300F0B583B000283AD0F9
:10E5A0000668002E40D022B3446827687C1E0C42C7
:10E5B00028D1C468A14210D2204B2148214AC01A58
:10E5C0001024C008204BA0402049009440F00100D6
:10E5D00000F0CAFD204603B0F0BD4C1E07FB024E02
:10E5E0000469A645E8D83469A44603B0BDE8F04004
:10E5F0006047124B1248164AC01AC008124B092431
:10E600000004E1E70D4B0E48124AC01A1024C0085E
:10E610000D4BA040D8E7094B09480F4AC01AC00863
:10E62000094B0E240004CFE7044B05480B4AC01ADF
:10E63000C008054B08240004C6E700BFB06703000C
:10E640002068030050560300B05603000455030031
:10E650004C55030028560300FC54030038550300B2
:10E6600029DF704728DF7047084670470020704751
:10E67000024B187A003818BF01207047C0290020CB
:10E68000034B187A0122B0FA80F05A74400970479F
:10E69000C029002008B510461A4605F047F80020AA
:10E6A00008BD00BF08B514220021044805F04CF84D
:10E6B0000348FDF793FF002008BD00BFC0290020DC
:10E6C000B029002010B50A4C0A4B43602046FDF7E4
:10E6D00049FF08B1002010BD02F04CFB0246227435
:10E6E000054906481C238C22FDF760FF002010BD61
:10E6F000C0290020EC56030024290020B029002066
:10E7000030B53B4D2B7A87B0002B3AD0394B1C6883
:10E7100002232B722379002B3ED0012B25D02268B7
:10E720009368C3B10023CDE902330093049303231C
:10E730000193A36805932379002B4BD0012B07D1BC
:10E7400002238DF80030E368616904911B03029392
:10E750009368684698472849284800232B726B60C5
:10E7600007B0BDE83040FDF7CFBFD4E9030318443C
:10E77000FFF778FF20B31128D1D101232B7207B006
:10E7800030BD1D491D48FDF78DFF1A4B044618602A
:10E790000028BDD16860F2E7D4E90523D21AB2F5AA
:10E7A000805F28BF4FF480529208E1682069012AF7
:10E7B00038BF012219441844FFF752FF0028DAD16C
:10E7C0002B7C002BDBD10146022007B0BDE8304096
:10E7D00000F016B801238DF8003023690293E16838
:10E7E0006369CDE90313684693689847B3E700BFB0
:10E7F000C0290020D8290020D4290020B0290020D9
:10E80000831E012B42D810B5354C237A86B0002BDD
:10E810003AD0022B31D103283ED0324B00221B6864
:10E82000E2601A79002A44D0012A26D1D3E90421D2
:10E8300001328A421A6120D10020207219688A6848
:10E84000BAB10022CDE90222009204929A680190A6
:10E8500005921A79002A39D0012A07D102228DF8AF
:10E860000020DA6858690490120302928B686846A7
:10E8700098471D491D48FDF747FF637C3BB906B02B
:10E88000BDE81040FFF73CBF06B010BD704706B0B2
:10E89000BDE8104002F05EBAE3680133082B01D8EE
:10E8A000E360EAE70F4B00221B68E26022720D2052
:10E8B000C4E7D3E90512881AB0F5805F94BF121837
:10E8C00002F5805291429A61D7D1B5E701228DF8C5
:10E8D00000201A690292DA685B69CDE90323C5E773
:10E8E000C0290020D8290020D4290020B0290020E8
:10E8F0002DE9F04184B007468846184803A916461A
:10E900001D46FDF78DFE20B304461C22002104F0B5
:10E910001BFF0A9B27606561114F1048A36000250B
:10E9200003A9C4F81080E6602571FDF7ABFE381D21
:10E93000FDF718FE18B1284604B0BDE8F0817B7CD5
:10E94000002BF9D10190FFF7DBFE019804B0BDE880
:10E95000F081042004B0BDE8F08100BFB0290020A0
:10E96000C02900202DE9F04184B080460D461748AB
:10E9700003A916461F46FDF753FE18B304461C2292
:10E98000002104F0E1FE2D0BA7600123104F0F487A
:10E99000C4F8008003A9E56066612371FDF772FE8B
:10E9A000381DFDF7DFFD18B1002004B0BDE8F0818F
:10E9B0007B7C002BF9D10190FFF7A2FE019804B0F7
:10E9C000BDE8F081042004B0BDE8F081B02900204A
:10E9D000C029002000F0FD03012B00D0704730B5A6
:10E9E0003D4DA0F10100B0FA80F02B7A00224009E1
:10E9F00087B06A742874002B4ED0384B1C680223F1
:10EA00002B722379002B52D0012B07D1D4E90303B9
:10EA10001844FFF727FE58B311281CD022689368CA
:10EA20007BB10023CDE902330093049303230193C8
:10EA3000A368059323792BB3012B10D09368684604
:10EA400098472749274800232B726B6007B0BDE821
:10EA50003040FDF759BE01232B7207B030BD0223B1
:10EA60008DF80030E368616904911B030293E5E7C8
:10EA70002B7C002BF1D10146022007B0BDE83040CD
:10EA8000FFF7BEBE01238DF800302369E1680293D1
:10EA90006369CDE90313D1E711491248FDF702FE7E
:10EAA0000E4B044618600028A9D16860D5E7D4E968
:10EAB0000523D21AB2F5805F28BF4FF48052920826
:10EAC000E1682069012A38BF012219441844FFF780
:10EAD000C7FD0028A0D1CBE7C0290020D8290020FD
:10EAE000D4290020B0290020704700BF00B583B0B2
:10EAF000044B0093044A402300F036F803B05DF85D
:10EB000004FB00BF0DEB0200E029002002B32DE959
:10EB1000F843114B114E88461446032743F0010970
:10EB20000025224608EB0501002003F0B5FC034652
:10EB3000E41A4FF47A401D4423B9337833B1C847FF
:10EB4000013F06D001233370002CEAD1BDE8F883E1
:10EB500070473770BDE8F88320570300DC29002098
:10EB6000704700BF03F06EBDF0B595B00E46084685
:10EB70001A9D17461C4601F0A5F800230C2205A992
:10EB80003046CDE90C350A938DF82C30CDE9087468
:10EB900001F0FCF8DDE906209DF814300121CDE9F3
:10EBA000020203F003028A428DF8111028D0022AD3
:10EBB00004D0304601F08AF815B0F0BDBDF816500B
:10EBC000C3F3C203C5F389158DF810300C27082D47
:10EBD0002C4628BF08243B4622460EA9304601F0A9
:10EBE000D5F82D1B08AB02AA21460EA8274400F039
:10EBF00085FF002DEBD1304601F068F815B0F0BD6F
:10EC0000BDF814100598C1F38312C3F3C203C0F317
:10EC10009525C1F383148DF810300EA9304692006B
:10EC20000C2301F0B3F808AB0093224602AB0EA907
:10EC3000284600F0EDFE304601F048F815B0F0BD72
:10EC400008B5FFF78FFF0448042100F023FE034BB3
:10EC500001225A7108BD00BFA0680300A022002055
:10EC600038B5A0B10B4D0446002308462B7000F0C8
:10EC7000C7FF0948C5F80C4400F0D8FF044608B1A6
:10EC8000204638BD054801F0F7F8204638BD072476
:10EC9000204638BDF02A00209C6703005C57030023
:10ECA00030B499B10D490E4D491BC90813D00D4C14
:10ECB000002302E0013399420AD034F82320824233
:10ECC000F8D1184655F8300030BC7047044DF9E7CC
:10ECD000002030BC70470846F6E700BFA06803007C
:10ECE000B067030094230020094B013903EBC000F7
:10ECF00003290BD8DFE801F004020806042070475E
:10ED000002207047407970470079704700207047B3
:10ED1000B0670300704700BF2DE9F043934CD4E97E
:10ED200001239A4285B066D00023C4F81834BFF39B
:10ED30004F8FA568EBB2DA1C04EB820114F8222095
:10ED4000500718D566680B7803F00303012B48D0F1
:10ED5000022B03D14B88033505EB9315EBB2D4F8A6
:10ED60001804DA1C04EB820128B9AE423FD914F82A
:10ED700022205207E7D404EB83016A1CAB1CD2B2F9
:10ED8000DBB2C96804EB820204EB8303D068DA6863
:10ED9000039201F00303022BCDE9011005F10306F4
:10EDA00000F09080012B2AD0D4F810543DB12B688C
:10EDB00028469B689847EB681D68002DF7D16C4882
:10EDC0006C4B6D49C01AC008000440F0020000F00E
:10EDD00081FCD4E90130C01A18BF012005B0BDE89C
:10EDE000F0830B880335C3F383131D44B6E7A66095
:10EDF00005B0BDE8F083002005B0BDE8F083BDF8A4
:10EE000004205E48C2F38313062B28BF062363F356
:10EE10008912033303F00F018900ADF8042000F0DC
:10EE200007FF07460028BFD000F04CFF00230C224C
:10EE300001A9384600F076FFBDF8043013F4707F66
:10EE400019D06FF002094FF00C08A9EB0509F1B2D7
:10EE500003314346042204EB8101384600F062FF8F
:10EE6000BDF804300136C3F3831309EB0602934265
:10EE700008F10408EBD8D4F81834002B72D1D4F878
:10EE8000105465B1EB685A7928463946002A65D096
:10EE90002B681B689847EB681D68002DF2D1384637
:10EEA00000F014FF00230DF103008DF8033001F092
:10EEB000F5FDD4F8183403B9A6609DF8030001F0FD
:10EEC00013FE86E7BDF806302C48C3F38918454683
:10EED000502D28BF502505F10C0165F38F13C1F3A8
:10EEE0000901ADF8063000F0A3FE074600283FF404
:10EEF0005BAF00F0E7FE00230C2201A9384600F0CA
:10EF000011FFF343DBB20133B5EB830F4FEA83020A
:10EF10001AD9F1B25FFA82F9033104EB8101384664
:10EF20000C23A5EB090500F0FDFEEDB209F10C0381
:10EF3000134903F0FC032A46384600F0F3FE08F1BB
:10EF4000030806EB980696E7F1B203312A4604EB74
:10EF500081010C23384600F0E5FEF0E71D68002D26
:10EF600090D19CE7384600F0B1FE32E7F02A00204D
:10EF7000E0670300B0670300445703009C67030089
:10EF8000FC2A00202DE9F04F89B0DFF8D8B10393B7
:10EF9000064600230DF113008DF81330CDE9011260
:10EFA00001F07CFDDBF80830DBF8047003F58073BA
:10EFB000DB1B062B78D80BF21C450BF583680BF294
:10EFC000144419E0BDF81630C3F3891303334FEA34
:10EFD00011490AEB930A2046FDF7DCFA08B1CBF899
:10EFE00008A049462846FDF7A5FADBE9012303F509
:10EFF00080739B1A062B58D801212846FDF79AFAF0
:10F000004046FDF7BBFA2046FDF7B8FADBF80830BA
:10F01000DAB2D11C0BEB810C1BF8211001F00400BB
:10F02000490721D40BEB8202591CD2680592C9B260
:10F0300002F003020BEB8101012AC96803F1030A04
:10F040002AD0022ABED04FF00009C4E7BCF8023033
:10F050000EEB9313DAB2D11C0BEB810C1BF82100E1
:10F0600000F004000028DDD09CF8001001F003013E
:10F0700001290AD0022903F1030E02F10301E5D0B0
:10F080000BEB810C0028EFD1CCE7BCF80020033358
:10F09000C2F383121344DDE7BDF81430C3F38313C6
:10F0A0004FEA11499A4496E73A46D3B203330732FE
:10F0B00040F205119DF813004BF82310CBF8042003
:10F0C00001F012FDFB1CDBB20BEB8303029ADA604A
:10F0D0003B1DDBB20BEB8303039ADA607B1DDBB2D3
:10F0E0000BEB8303129ADA60BB1DDBB20BEB8303DD
:10F0F000139ADA6000211A48FDF7E2F980F3100351
:10F100007A1CD2B20BEB82021B0443EA1643D36093
:10F11000DBF80C349847F30003F03803019A43F40A
:10F12000807343F00103B91C43EA8222C9B2FBB2E7
:10F1300003330BEB8101C8604BF823209BF80030B0
:10F1400023B9FFF7E7FD09B0BDE8F08FFFF7E4FD55
:10F150000028F6D0FFF7E0FD0028F7D1F1E700BF67
:10F160000C2F0020F02A00202DE9F04F89B0DFF8A5
:10F17000C4B10393064600230DF113008DF813303C
:10F18000CDE9011201F08AFCDBF80830DBF80470ED
:10F1900003F58073DB1B052B78D80BF21C450BF5B0
:10F1A00083680BF2144419E0BDF81630C3F38913D9
:10F1B00003334FEA11490AEB930A2046FDF7EAF9B7
:10F1C000494608B1CBF808A02846FDF7B3F9DBE9BA
:10F1D000012303F580739B1A052B58D8012128467B
:10F1E000FDF7A8F94046FDF7C9F92046FDF7C6F935
:10F1F000DBF80830DAB2D11C0BEB810C1BF82110C4
:10F2000001F00400490721D40BEB8202591CD2689B
:10F210000592C9B20BEB810102F00302012AC96811
:10F2200003F1030A2AD0022ABED04FF00009C4E736
:10F23000BCF802300EEB9313DAB2D11C0BEB810C4D
:10F240001BF8210000F004000028DDD09CF800101D
:10F2500001F0030101290AD0022903F1030E02F192
:10F260000301E5D00BEB810C0028EFD1CCE7BCF813
:10F2700000200333C2F383121344DDE7BDF81430DA
:10F28000C3F383134FEA11499A4496E73A46D3B23F
:10F2900003330632C5219DF813004BF82310CBF839
:10F2A000042001F021FCFB1CDBB20BEB8303029A70
:10F2B000DA603B1DDBB20BEB8303039ADA607B1D44
:10F2C000DBB20BEB8303129ADA6000211848FDF7DA
:10F2D000F7F880F310037A1CD2B20BEB82021B0406
:10F2E00043EA1643D360DBF80C349847F200019BE5
:10F2F00002F0380242F0C102B91C42EA8322C9B2CC
:10F30000FBB203330BEB8101C8604BF823209BF861
:10F31000003023B9FFF7FEFC09B0BDE8F08FFFF71E
:10F32000FBFC0028F6D0FFF7F7FC0028F7D1F1E747
:10F330000C2F0020F02A00202DE9F04FDFF8CCB18F
:10F3400089B0002406460DF113000393CDE90112A4
:10F350008DF8134001F0A2FBDBF80830DBF80470F5
:10F3600003F58073DB1B042B00F281800BF21C453C
:10F370000BF583680BF214441AE0BDF81630C3F3A2
:10F38000891303334FEA11490AEB930A2046FDF72C
:10F3900001F9494600283AD02846CBF808A0FDF7E5
:10F3A000C9F8DBE9012303F580739B1A042B5FD8AE
:10F3B00001212846FDF7BEF84046FDF7DFF820465C
:10F3C000FDF7DCF8DBF80830DAB2D11C0BEB810C6E
:10F3D0001BF8211001F00400490728D40BEB82022E
:10F3E000591CD2680592C9B20BEB810102F00302ED
:10F3F000012AC96803F1030A31D0022ABDD0204690
:10F40000FDF7C8F84FF0000949460028C4D1284646
:10F41000C5E7BCF802300EEB9313DAB2D11C0BEB4C
:10F42000810C1BF8210000F004000028D6D09CF8C5
:10F43000001001F0030101290AD0022903F1030E93
:10F4400002F10301E5D00BEB810C0028EFD1C5E7F9
:10F45000BCF800200333C2F383121344DDE7BDF888
:10F460001430C3F383134FEA11499A448EE73A46A6
:10F47000D3B20333053285219DF813004BF82310D6
:10F48000CBF8042001F030FBFB1CDBB20BEB830359
:10F49000029ADA603B1DDBB20BEB8303039ADA605E
:10F4A00000211948FDF70CF880F310037A1CD2B242
:10F4B0000BEB82021B0443EA1643D360DBF80C34E7
:10F4C0009847F200019B02F0380242F08102B91C19
:10F4D00042EA8322C9B2FBB203330BEB8101C8605D
:10F4E0004BF823209BF8003023B9FFF713FC09B039
:10F4F000BDE8F08FFFF710FC0028F6D0FFF70CFCFA
:10F500000028F7D1F1E700BF0C2F0020F02A0020DF
:10F510002DE9F04FDFF8B8B187B0002306460DF1B2
:10F520000B008DF80B30CDE9001201F0B7FADBE9E2
:10F53000017303F58073DB1B032B00F281800BF258
:10F540001C450BF583680BF214441AE0BDF80E203D
:10F55000C2F3891203324FEA114A09EB920920469D
:10F56000FDF718F8514600283AD02846CBF8089005
:10F57000FCF7E0FFDBE9012303F580739B1A032B03
:10F580005FD801212846FCF7D5FF4046FCF7F6FF7F
:10F590002046FCF7F3FFDBF80830DAB2D11C0BEBA6
:10F5A000810C1BF8211001F00400490728D40BEB53
:10F5B00082015A1CC9680391D2B201F003000BEB1F
:10F5C00082020128D16803F1030931D00228BDD09D
:10F5D0002046FCF7DFFF4FF0000A51460028C4D157
:10F5E0002846C5E7BCF802300EEB9313DAB2D11C03
:10F5F0000BEB810C1BF8211001F004000028D6D081
:10F600009CF8001001F0030101290AD0022903F13E
:10F61000030E02F10301E5D00BEB810C0028EFD1C2
:10F62000C5E7BCF800200333C2F383121344DDE7BF
:10F63000BDF80C20C2F383124FEA114A91448EE7C1
:10F640003A46D3B20333043245219DF80B004BF800
:10F650002310CBF8042001F047FAFB1CDBB20BEBC4
:10F660008303019ADA6000211848FCF729FF80F330
:10F6700010037A1CD2B20BEB82021B0443EA16433E
:10F68000D360DBF80C349847F300009A03F038039A
:10F6900043F04103B91C43EA8223C9B2FAB20BEB2F
:10F6A00081010332C8604BF822309BF8003023B947
:10F6B000FFF730FB07B0BDE8F08FFFF72DFB002808
:10F6C000F6D0FFF729FB0028F7D1F1E70C2F002037
:10F6D000F02A00202DE9F04FDFF8B4A187B0002315
:10F6E00006460DF10B008DF80B30019101F0D6F9B3
:10F6F000DAE9018303F58073A3EB0803022B00F220
:10F7000081800AF21C450AF583670AF214441AE064
:10F71000BDF80E30C3F3891303334FEA11490BEBE5
:10F72000930B2046FCF736FF494600283AD028467E
:10F73000CAF808B0FCF7FEFEDAE9012303F580738E
:10F740009B1A022B5FD801212846FCF7F3FE3846AE
:10F75000FCF714FF2046FCF711FFDAF80830DAB2A4
:10F76000D11C0AEB810C1AF8211001F004004907A2
:10F7700028D40AEB82015A1CC9680391D2B201F065
:10F7800003000AEB82020128D16803F1030B31D098
:10F790000228BDD02046FCF7FDFE4FF00009494687
:10F7A0000028C4D12846C5E7BCF802300EEB9313FD
:10F7B000DAB2D11C0AEB810C1AF8211001F0040016
:10F7C0000028D6D09CF8001001F0030101290AD0CE
:10F7D000022903F1030E02F10301E5D00AEB810CCB
:10F7E0000028EFD1C5E7BCF800200333C2F3831231
:10F7F0001344DDE7BDF80C30C3F383134FEA11491E
:10F800009B448EE74246D3B20333033205219DF871
:10F810000B004AF82310CAF8042001F065F9002112
:10F820001A48FCF74DFE80F3100308F10102D2B232
:10F830000AEB82021B0443EA1643D360DAF80C3465
:10F840009847F300019A03F0380343F0010308F1ED
:10F85000020143EA8223C9B25FFA88F20AEB81010E
:10F860000332C8604AF822309AF8003023B9FFF713
:10F8700051FA07B0BDE8F08FFFF74EFA0028F6D036
:10F88000FFF74AFA0028F7D1F1E700BF0C2F00205C
:10F89000F02A002030B4154DD5F81014044600208D
:10F8A00071B10B4601E01B6853B1DB681A798242E3
:10F8B000F9D101300A28F3D14FF0FF3030BC704746
:10F8C000E3681871D5F810344BB1DA68E368126850
:10F8D0001A60D5F81034DB681C6030BC7047C5F87E
:10F8E0001044E268136030BC704700BFF02A00206B
:10F8F00038B5084BD3F8104401251D704CB1E368AE
:10F900005D71236820465B689847E3681C68002C9B
:10F91000F5D138BDF02A002070B5C38886B0054601
:10F920000E46002B53D1297A05294ED06B7A002B35
:10F9300040D12B4A2B6812682A49B3FBF2FC2A4AB1
:10F940000968BCFBF1F4A2FB0432D00A4FF4616EEB
:10F95000264B02460EFB104001FB14CCA3FB0043D8
:10F960005B094FF47A7EC3EB03140EFB0CFCA0EB97
:10F9700084000090BCFBF1F001FB10C40EFB04F40A
:10F980000190B4FBF1F430461949029402F002FAF6
:10F990002A7A184BA88853F8222005920021FFF7F5
:10F9A0007FF9059A14490346304606B0BDE8704019
:10F9B00002F0F0B9A888FFF797F9104B104953F8F7
:10F9C0002020304602F0E6F9B3E706B070BD0D49DD
:10F9D00000910D4A0D49304602F0DCF9A3E700BF63
:10F9E000AC2F0020A82F0020C5B3A2918988888859
:10F9F000905703004C580300AC57030028580300ED
:10FA0000C04A03008857030068570300705703007B
:10FA10002DE9F04385B01D460C9C002394F80C9012
:10FA2000237380460E46174621462846FFF774FF8B
:10FA3000062F09D8DFE807F0042E343B444F1F009F
:10FA40004146204602F0A6F92B7A052B05D06B7AA9
:10FA50005BB92749204602F09DF9204602F08EF955
:10FA600084F80C9005B0BDE8F083224A2249204674
:10FA700002F090F9EDE77369039333690293F36839
:10FA80000193B3680093D6E900234146204602F073
:10FA900081F9D9E732684146204602F07BF9D3E785
:10FAA000D6E900234146204602F074F9CCE7B3685A
:10FAB0000093D6E900234146204602F06BF9C3E7E4
:10FAC000F3680193B3680093D6E9002341462046CA
:10FAD00002F060F9B8E733690293F3680193B36801
:10FAE0000093D6E900234146204602F053F9ABE7E4
:10FAF000B857030088570300C04A0300082900D9FB
:10FB000070472DE9F04F1D4683B000241B7B2C73FA
:10FB10000E4607462946104690460193DFF8D0B0BE
:10FB2000DFF8D0A0FFF7F8FE05E03A5D013402F0FF
:10FB300031F9082C09D0A64251462846F5D8594635
:10FB4000013402F027F9082CF5D12449DFF8A8B0D8
:10FB5000234CDFF8A8A0284602F01CF94FF000095A
:10FB600017E017F80910481C7E294FF02E02C0B28A
:10FB700006D810F80A2012F0970F14BF0A462E225A
:10FB80002146284609F1010902F004F9B9F1080FEC
:10FB90000AD04E45E5D85946284609F1010902F038
:10FBA000F9F8B9F1080FF4D198F80830052B02D014
:10FBB00098F809305BB90B49284602F0EBF8284663
:10FBC00002F0DCF8019B2B7303B0BDE8F08F064A0E
:10FBD0000649284602F0DEF8EDE700BFC8570300EB
:10FBE000CC570300B857030088570300C04A0300EE
:10FBF000C4570300BC570300B45703001266030048
:10FC0000074A0849012390420B6005D940089042F9
:10FC10004FEA4303FAD80B60034B1860704700BFEC
:10FC200040420F00AC2F0020A82F0020FCF7EEBDB3
:10FC30002DE9F041058A0331043D4E198046B6FB9B
:10FC4000F5F6FCF701FEA0B3F6B24FF48073013E67
:10FC500004468380C580C0F800802BD00346002571
:10FC600008E06279AE4202F1010262713860C0F8C8
:10FC700000801FD040461F46FCF7E6FD01350346D5
:10FC80000028EED16779791E17D0224601339942B8
:10FC90001268FBD1D2F800805FB12668002501E030
:10FCA00034463668214640460135FCF7F5FDAF4243
:10FCB000F6D800242046BDE8F08120682146FCF7F4
:10FCC000EBFDF6E701210430FCF734BC2DE9F041EF
:10FCD000012104460430FCF739FC10F0FF0301D089
:10FCE000BDE8F0816779791E16D02246013399422A
:10FCF0001268FBD1D2F80080002FF1D026680025D1
:10FD000001E034463668214640460135FCF7C4FD23
:10FD1000AF42F6D8BDE8F08120682146BDE8F04149
:10FD2000FCF7BABD2DE9F8438846C788417907FB3F
:10FD300001F1043902EB030C1E1D6145154638BF65
:10FD4000CD1AB7420446B6FBF7F207FB126002D8A1
:10FD5000013A2468FCD13E1AAE4228BF2E469DB11E
:10FD60004FF000090430AD1B324608EB0901204476
:10FD700003F0DCFCAF42B14424683E464FF0000083
:10FD800028BF2E46002DEDD1BDE8F8832DE9F843BC
:10FD90000446C788407907FB00F0043802EB030CE7
:10FDA0001E1D6045154638BFC51AB7428846B6FBCA
:10FDB000F7F107FB116202D801392468FCD1BE1AA1
:10FDC000AE4228BF2E469DB14FF00009111DAD1B5C
:10FDD0003246214408EB090003F0A8FCAF42B144CD
:10FDE00024683E464FF0000228BF2E46002DEDD17C
:10FDF000BDE8F88341DF7047064A074B10B5002481
:10FE000014701C60BFF35F8F04490548FCF7D0FFF6
:10FE1000204610BDB82F0020BC2F00206C580300D6
:10FE2000B02F002000B583B000230DF107008DF83E
:10FE3000073000F033FEF1EE103A23F09F03E1EEBD
:10FE4000103ABFF35F8F0B4B4022C3F884219DF81B
:10FE5000070000F049FE00F08DFF28B920BF40BF29
:10FE600020BF03B05DF804FB03B05DF804EBFFF7BF
:10FE7000C1BF00BF00E100E0826800239360826898
:10FE80001361826853618268D360826853608268BC
:10FE900013607047844612F0030016D14B1C10B457
:10FEA000DB000B4C9BB2134422600A4A13600A4ADF
:10FEB0000A4B107018700A4B0A4AA3F800C00A4B8C
:10FEC000118018805DF8044B70470720704700BF11
:10FED000C82F0020C42F0020C22F0020D02F0020C8
:10FEE000CC2F0020CE2F0020C02F0020014B1888DF
:10FEF000704700BFC02F00202DE9F043374F3B88EB
:10FF00008B4283B003D2092003B0BDE8F0834FF0E9
:10FF1000000805460DF107008DF807800C461646CF
:10FF200000F0BCFD2E4BDFF8C8C02E4A18889CF8A4
:10FF30000010137883425FFA83FE38BF0EF1010888
:10FF4000C9B238BF5FFA88F841453ED092F80080C8
:10FF50001178CBB2884286BF0133DBB20023137025
:10FF60009CF800101378204A994284BF01301B1876
:10FF70005B1A11889BB299425FFA88F814D3DFF8B4
:10FF800074909DF8070000F0AFFDD9F8003043F8F9
:10FF9000386003EBC8034FEAC80605B134B9002046
:10FFA000988003B0BDE8F0831380E8E70F4B3888F2
:10FFB0001B68294608FB0030224603F0B7FBD9F83E
:10FFC00000301E440020B4809EE79DF8070000F03A
:10FFD0008BFD042003B0BDE8F08300BFCC2F0020D0
:10FFE000CE2F0020C22F0020C02F0020C42F0020C1
:10FFF000D02F0020C82F00202DE9F84F1A4C1B4DA0
:020000023000CC
:1000000022782B789A4224D0DFF868A0DFF8689035
:10001000174FDFF868B04FF000082378DAF80010C7
:100020003888D9F8006051F8332001EBC30C03FB8A
:100030000060BCF8041090472278BBF80010D3B2DF
:1000400001339142DBB206D9237023782A789A4291
:10005000E3D1BDE8F88F84F8008022782B789A42AB
:10006000DBD1BDE8F88F00BFD02F0020C22F0020C9
:10007000CC2F0020C82F0020C42F0020CE2F00201E
:1000800070B54468064620680D4618B908E0246833
:10009000206828B1B368294698470028F7D120681E
:1000A0002860256070BD00BF4368186808B1026809
:1000B0001A60704743681868704700BF4368186843
:1000C00018B908E00346006828B18142FAD10A68ED
:1000D0001A600120704770471049A1F5947205E03D
:1000E00052F83330984238BF61460CD2A1EB020C73
:1000F0004FEADC7303EBEC035B10914202EBC30CA1
:10010000EED80748704702D90CF10802EEE7DCF898
:100110000400034B002808BF18467047AC5D03007D
:10012000705C030030B48D688468C368CA68A542F7
:1001300072EB03032CBF0120002030BC704700BFCE
:10014000D0E90030184700BF10B5044684B0002342
:1001500002A88DF8083000F0A1FC23692BB94FF0FC
:10016000FF324FF0FF33C4E902239DF8080000F08E
:10017000BBFCD4E90513194ACDE9021302A80821F2
:10018000FFF7BAFE38BB00230DF107008DF80730EA
:1001900000F084FC2369BBB1D4E90212B2F1FF3F45
:1001A00008BFB1F1FF3F0FD05B1842F10002C4E974
:1001B00002329DF8070000F097FC09482146FFF73E
:1001C0005FFF012004B010BD9DF8070000F08CFC1B
:1001D000002004B010BD00F01BFCD4E74101030077
:1001E000BC5D03002DE9F04F2DED028B83B008EECE
:1001F000100A00F0C1FB40B1B64AD2E9003113F158
:10020000807341F10001C2E9003118EE100A0021AB
:1002100000F0CEFBB04D60B32B6853B3AF4B2C68EE
:100220001B7823B31CB3AE4800F0D2FBA94BAD4AF8
:1002300019685B684018D2E9001243F10003884254
:1002400073EB020203D210F1807043F10003D4E992
:1002500002128842934180F05181B2F1FF3F08BF02
:10026000B1F1FF3F03D0A0482146FFF709FF00236B
:100270002B6018EE100A012100F09AFB002840F0D4
:1002800008819A4801A9FCF70DFA002851D0984E30
:10029000984F954C4FF0FF384FF0FF390AE05A1E47
:1002A0003B70327000F020FC904801A9FCF7FAF98D
:1002B00000283ED00378012B32D0022B14D013B388
:1002C00000230DF103008DF8033000F0E7FB8748B1
:1002D00001A9FCF719FA33783A789DF803009A429D
:1002E000DDD3013B3370DDE72046FFF7DDFE30B1A3
:1002F000C0E902892046FFF7D7FE0028F8D1774BE6
:1003000001221A70DCE74168D1E90223B3F1FF3F13
:1003100008BFB2F1FF3FD3D02046FFF7B1FECFE7D1
:1003200041682B68994200F0A8802046FFF7C6FE7E
:10033000C6E76D4FDFF8A881DFF898913846FFF7E0
:10034000B9FE002852D0D0E90223B3F1FF3F08BF25
:10035000B2F1FF3F00F08D80296891B12968D1E9A1
:10036000020182428B4144D22B68D3E90223B3F1CC
:10037000FF3F08BFB2F1FF3F03D029683846FFF7BF
:100380007FFE3846FFF790FE04464046554ED4E9BE
:1003900002BA00F01DFBD9E900133268401843F19E
:1003A00000039042726873EB020203D210F1807076
:1003B00043F10003BBEB00006AEB0303012873F178
:1003C000000324DBB0F5350F4DD25A464FF49603A7
:1003D0000021404600F04AFA80B10D281BD00023CE
:1003E00038462B60FFF766FE0028ACD12B68002B47
:1003F00066D003B0BDEC028BBDE8F08F2B68002BFC
:100400003ED02C6003B0BDEC028BBDE8F08F002124
:10041000404600F0C1FA314B1B78002BDFD040463C
:1004200000F0D6FAD9F80030D6E90012C018D9F891
:10043000043043F10003884273EB020203D210F14F
:10044000807043F10003D4E90212884293411CD228
:10045000B2F1FF3F08BFB1F1FF3FC0D0214638469F
:10046000FFF70EFEBBE7404600F0B2FA224A024414
:10047000ACE73846FFF718FE60E700232B601FE764
:1004800018EE100A00F0C0F9BBE72046FFF75CFE4B
:10049000A5E71348134E00F09BFA0E4B1A685B68F1
:1004A0008018D6E9001243F10003884273EB020280
:1004B00003D210F1807043F10003C6E90003E0E6C7
:1004C00018EE100A03B0BDEC028BBDE8F04F00F04F
:1004D0009FB900BFD82F002058300020E12F002006
:1004E000A822002050300020BC5D03003C300020DA
:1004F000E02F0020E22F0020FFFFB4002046FFF78E
:1005000023FEB4E610B5134B13491C68134882B0A0
:10051000082358220194FCF749F8044610B12046FC
:1005200002B010BD0E4A0F4801A900F009F90446B7
:100530000028F4D10B48012100F014FA01231946D8
:10054000094A084800F068F9084B012220461A7051
:1005500002B010BDB85D0300E42F00203C30002045
:10056000E5010300A8220020FFFF7F00E12F00200B
:100570006AB19FED097BA1F101010368B1FA81F134
:10058000490983ED027BC3E904120020704707206C
:10059000704700BFAFF30080FFFFFFFFFFFFFFFFCB
:1005A000F0B583B00446002501A817460E468DF825
:1005B000045000F073FAD4E90223B3F1FF3F08BFFF
:1005C000B2F1FF3F06D09DF8040000F08DFA2846F6
:1005D00003B0F0BD254800F0FBF9254B254A19680A
:1005E0005B684018D2E9001243F10003884273EBC4
:1005F00002022FD3301843F10003A060E3609DF89E
:10060000040000F071FA2369A76103B126610DF1BE
:10061000030000258DF8035000F040FA164801A9A8
:10062000FBF7FEFF0646D0B1144A9DF8030013788D
:100630000133137000F058FA0F483570746001A947
:10064000FCF720F80028C3D0084800F0C5F9284678
:1006500003B0F0BD10F1807043F10003CAE79DF8CC
:10066000030000F041FA042003B0F0BDA8220020EE
:10067000D82F0020503000203C300020E02F0020F8
:1006800070B582B00446002601A88DF8046000F021
:1006900005FAD4E90223B3F1FF3F08BFB2F1FF3FEF
:1006A00027D04FF0FF324FF0FF33C4E902239DF80B
:1006B000040000F019FA0DF103008DF8036000F05A
:1006C000EDF9164801A9FBF7ABFF0546C0B1144A86
:1006D0009DF8030013780133137000F005FA01232D
:1006E0000E482B706C6001A9FBF7CCFF78B902B003
:1006F00070BD9DF8040000F0F7F9304602B070BDFF
:100700009DF8030000F0F0F9042002B070BD054828
:1007100000F062F9304602B070BD00BF3C300020EE
:10072000E02F0020A8220020014B1878704700BF5E
:10073000E22F0020014800F04BB900BFA8220020A2
:1007400010B5294C437944F82320284C04EBC3030B
:100750001B79002B3BD103680A88C3F8082590F960
:1007600004308A78002B2ADB03F16043520103F541
:100770006143D2B283F8002390F90430002B09DBE7
:100780001B494FEA531C012203F01F0302FA03F333
:1007900041F82C304279174B44F832001648181AA9
:1007A00004EBC201C0084FF0010C000481F804C042
:1007B00040F003001149FEF78DFF002010BD1049E5
:1007C00003F00F0352011944D2B20A76D4E70A4B60
:1007D00008480C49C01AC008000440F00200FEF7A7
:1007E00079FF082010BD00BF643000205C3000207D
:1007F00000E100E0F0670300B0670300EC5D030078
:10080000FCEC00E0C85D0300036801221A60704739
:10081000036801225A60704770B405684FF4803451
:100820008C40C5F80843056801F1500CC5F84843F1
:100830004FEA8C0C05681FFA8CFC002645F80C600A
:1008400083B055F80C500195019D056801F5A8711C
:1008500022F07F4245F821200268C2F8444313B1D8
:100860000368C3F8044303B070BC70472DE9F04738
:100870004FF4803622F07F4702688E40C2F848630A
:100880000268C2F80863026802EB810C044601F1B9
:100890005005D2F80405DCF84025CCF84005AD0041
:1008A000ADB2121A20684FF0000840F8058082B0FF
:1008B0004059009022F07F42012A00988A469946CA
:1008C00041D02268D2F80455C2F844637A1B22F062
:1008D0007F42012A0AF5A87125D0236843F82170C8
:1008E0002068D0F804557B1BC9F1FF12013B02F5CB
:1008F0007F4223F07F439A4211D343B1C0F844634F
:1009000023680020C3F8046302B0BDE8F087013714
:1009100040F821702068D0F804359D42EED00D20BB
:1009200002B0BDE8F0872368013743F821700C4B13
:100930004FF4806043F0010398472068D0F80435F5
:100940009D42DBD0EBE7064A4FF4806042F00102A3
:100950009047226842F8058052590192019AB0E707
:10096000005E030002680223C2F8443311B102683A
:10097000C2F80433704700BF0368D3F8040100B91C
:100980007047002282B0C3F80421D3F804310193E8
:10099000019B012002B0704702684FF4803303FAD4
:1009A00001F1C2F848130368C3F80813704700BF89
:1009B00050318900036889B2585800B97047002245
:1009C0005A5082B05B580193019B012002B07047DE
:1009D0000368D3F80405704790F90430002B09DB55
:1009E0005A09054803F01F030121403201FA03F3BD
:1009F00040F82230704700BF00E100E0024A034B9C
:100A000010681B68184700BF5C300020643000206D
:100A100000B585B00346002101AA44F20100CDE9EA
:100A20000111039300F004F805B05DF804FB00BF6A
:100A300010B572B6FEF75CFFFEF76EF90028FBD129
:100A4000104B114C1149E41AE408240444F001004D
:100A5000FEF740FE0E4BD3F8F030DB0700D500BEAA
:100A60000C4944F00200FEF735FEBFF34F8F0849F2
:100A7000094BCA6802F4E0621343CB60BFF34F8FA7
:100A800000BFFDE7B0670300E0670300085E0300F6
:100A900000ED00E0145E03000400FA0570B4EFF30B
:100AA000108472B60D4B9A68AAB9012199600C495D
:100AB0000C4ED1F8805035401D60C1F88060D1F8EF
:100AC00084505D604FF0FF33C1F88430027004B988
:100AD00062B670BC704701230370F8E768300020ED
:100AE00000E100E0FC06FFBD094B9A687AB170B9DD
:100AF00010B4EFF3108172B6064A1C6814605C688B
:100B00005460986001B962B65DF8044B7047704755
:100B10006830002000E100E010DF704711DF70470F
:100B200000B583B008496846FCF742F9019B43B120
:100B3000D3E9002090476846FCF744F9019B002B5D
:100B4000F6D103B05DF804FB3C5E030070B53D4D8B
:100B50002B7884B0002B67D13B4E3C49012302A87F
:100B60003370FCF725F9039B23B90FE0FCF72AF952
:100B7000039B5BB1D3E9003100209847034602A8EC
:100B8000002BF3D11C46204604B070BD304902A8AA
:100B9000FCF70EF9039B4BB1D3E9003100209847D5
:100BA00002A8FCF70FF9039B002BF5D1294B00227B
:100BB0001B68019302A88DF80820FFF76FFF2649F4
:100BC00001A8FFF7A9FFB0FA80F304465B099DF87E
:100BD00008002B70FFF788FF002CD4D11F4B204951
:100BE0001C70347091F81623EC2352091341DB0773
:100BF0001ED51C4B9A6802B31A6842F480021A6030
:100C0000134902A8FCF7D4F8039B002BBBD0D3E90F
:100C100000310120984702A8FCF7D4F8039B002B71
:100C2000F5D1204604B070BD0824204604B070BD44
:100C300042F20200FFF7ECFEE2E74FF480030B60A4
:100C4000DEE700BF7530002074300020305E030006
:100C5000485E03002C5E0300310A0300763000205A
:100C600000E100E068300020F0B5344D2B7883B00F
:100C7000002B5AD0324E3349012368463370FCF7BB
:100C800097F8019B23B90FE0FCF79CF8019B5BB13F
:100C9000D3E900310120984703466846002BF3D181
:100CA0001C46204603B0F0BD27496846FCF780F893
:100CB000019B4BB1D3E90031022098476846FCF70D
:100CC00081F8019B002BF5D1002768468DF8007054
:100CD000FFF7E4FEFFF722FF04469DF800002F70A7
:100CE000FFF702FF002CDCD1184B34709A6802BB6E
:100CF000174B4FF48002C3F88020BFF34F8FBFF330
:100D00006F8F11496846FCF753F8019B002BC8D040
:100D1000D3E90031032098476846FCF753F8019B5C
:100D2000002BF5D1204603B0F0BD0824204603B0C7
:100D3000F0BD1A6822F480021A60E2E775300020E4
:100D400074300020305E0300485E030068300020ED
:100D500000E100E0054B1B7833B1054B1B780BB16C
:100D6000FFF782BFFFF7F2BE082070477430002003
:100D700075300020014B1878704700BF7530002097
:100D8000002108B5044A0846FFF7B6F800B908BDC7
:100D9000BDE80840FFF73CBE210B030060DF704751
:100DA00069DF704761DF7047154B1B7833B330B58F
:100DB000144D91B034240DF1020103A8ADF80240A6
:100DC000FFF7F0FF88B9294601A8FBF7F1FF029B66
:100DD000002BF0D0D3E9003103A8984701A8FBF716
:100DE000F1FF029B002BF5D1E5E7052801D111B0F9
:100DF00030BD11B0BDE83040FFF70ABE704700BFFC
:100E00007730002098600300002900F0A78030B5FB
:100E1000544B0B6085B005460C460C22002101A8FE
:100E200002F092FC012106238DF8061022688DF84D
:100E3000045001A92020ADF80830FFF7B1FF0028C9
:100E400043D10C22002101A802F07EFC01210023E5
:100E5000ADF8051022688DF8073001A94020FFF792
:100E60009FFF00286CD10C22002101A802F06CFC2D
:100E7000002322688DF8043001A90120FFF790FFBC
:100E800000284FD10C22002101A802F05DFC4FF494
:100E9000B0632268019301A9A120FFF781FF98BBED
:100EA0000C22002101A802F04FFC9DF804302268BA
:100EB00043F0010301A9A0208DF80430FFF770FF73
:100EC000034680B9184605B030BDFFF705F9264B3B
:100ED000264902462648181AC008000440F00100BE
:100EE000FEF716FBADE7FFF7F7F81F4B2149024667
:100EF0001F481B1ADB081B0443F00100FEF708FB28
:100F00000023184605B030BDFFF7E6F8164B1A4926
:100F100002461748181AC008000440F00100FEF706
:100F2000F7FABDE7FFF7D8F80F4B1449024610480F
:100F3000181AC008000440F00100FEF7E9FAA1E722
:100F4000FFF7CAF8084B0E4902460948181AC008AC
:100F5000000440F00100FEF7DBFA84E70E23184698
:100F6000704700BF6022002030680300545E030019
:100F7000B0670300885F0300345F0300E85E03008E
:100F80009C5E030070B5044682B00668FFF706FF5A
:100F90002368B342054606D82DBB1B4B01222846C9
:100FA0001A7002B070BD194B19481A49C01AC0080E
:100FB000000440F002000190FEF78CFB2368164904
:100FC00001983246FEF7B8F94FF080532268D3F803
:100FD0000C31124901989B0203F100539A1AFEF753
:100FE00097FA002DD9D02846FFF776F8084B0C4920
:100FF000024606481B1ADB081B0443F00100FEF7FB
:1010000087FA284602B070BD77300020B067030031
:1010100030680300DC5F03000C60030040600300E5
:101020006C6003004BDF704710B5124C84B001A810
:10103000FFF7F8FFA8B9214602A8FBF7B9FE039B0A
:10104000002BF4D0D3E900310198984702A8FBF7B0
:10105000B9FE039B002BF5D101A8FFF7E3FF0028A1
:10106000E9D0052801D104B010BD04B0BDE810409E
:10107000FFF7CEBCB06003004FF0A043032210B4D2
:101080004FF48040C3F834274FF40054C3F8382796
:101090004FF40041C3F83C27C3F840274FF4803297
:1010A000C3F80845C3F80805C3F80815C3F80825B0
:1010B0005DF8044B704700BF1F2886BF054A00F04B
:1010C0001F004FF0A042012303FA00F0C2F80C0504
:1010D000704700BF000300501F2886BF054A00F07C
:1010E0001F004FF0A042012303FA00F0C2F80805E8
:1010F000704700BF000300501F288CBF09494FF004
:10110000A0414FF00102D1F8043588BF00F01F0064
:1011100002FA00F020EA03020340C1F80825C1F8F2
:101120000C35704700030050F8B50B4F3A786AB1A0
:1011300000240A4E0546234656F82330284633B18C
:10114000984701343A78E3B29A42F5D8F8BD0134B1
:10115000E3B29342F0D3F8BD88300020783000200D
:101160002DE9F04F554FDFF87CA13B689AF800104D
:10117000013387B03B6000297BD0514B514A524E1E
:10118000DFF864B1A3EB02094FEAD90900254FEA61
:10119000094949F0040903952C460CE06ABB3A68FA
:1011A0005868121A472A02D91A7A012A67D00135DB
:1011B000ECB28C424FD2D6F800C004EB44040CEBE6
:1011C00084034FEA84085A7A052AE7D9063A012AA5
:1011D000EDD83A685868121A0F2AE8D91C7A002C00
:1011E000E5D13A495A464846FEF792F933689844A1
:1011F00088F8094088F80A4022E058683B681B1AC2
:10120000072BD4D91CF824303149009248465A465D
:10121000FDF7AAFF336813F824208DF81420434407
:101220002C4A5B7A8DF81630032105A8FEF764FE80
:1012300010BB33689844002388F8093088F80A30D6
:101240003B68C8F804309AF800100135ECB201236D
:101250008C420393AFD3039B5BB111B133689B7A8C
:101260003BB948461C49FEF735FA1C48FFF708FA17
:1012700000BB07B0BDE8F08FFFF7CAFBD9E7062235
:101280005A728DF816201CF82430124A8DF814304A
:10129000032105A8FEF730FE48B911499DF8143026
:1012A0005A464846FEF748F89AF800107FE7FFF7DD
:1012B000AFFBF2E7FFF7ACFBDBE700BF94300020A9
:1012C00000680300B067030090300020F460030062
:1012D000D86003002911030008610300B022002038
:1012E000BC600300893000203C6303002DE9F0411D
:1012F0004D4D2F7886B0064688461FB14B4B1C6873
:10130000A37AB3B94A48002240F23331FFF748F9D3
:10131000002869D1474B48484849C01AC008000412
:1013200040F00400FEF7D6F92F78002F78D03F4B1D
:101330001C68002305E00133DAB2BA4204F10C0460
:101340006ED22578AE42F6D1637A3B483C4E042BF0
:10135000384BA0EB03004FEAD0004FF001024FEAF8
:101360000040A27240F00400364A25D83368019349
:101370006368354900932B46CDE90202FDF702FE72
:10138000237A3168012BDDE9020230D0616084F8F4
:1013900008802E49FEF7BCF807232D4A8DF814501B
:1013A000032105A88DF815808DF81630FEF7A4FDF1
:1013B000A8B906B0BDE8F081336801936368009373
:1013C00024492B46CDE90202FDF7DCFD336863605A
:1013D0000723DDE9020284F808806372D9E7FFF78A
:1013E00017FB06B0BDE8F081FFF712FB92E7B8F1FA
:1013F000000FCBD16768CB1B082B02D90723637280
:10140000C4E7637A013363722378CDE9007112492E
:10141000CDE90202FDF7B6FDDDE902023168B5E76C
:1014200000239B72FFDE00BF893000209030002037
:10143000B0220020B06703000068030024610300AD
:10144000943000202463030040610300B86103006E
:101450002911030090610300686103002DE9F04F3A
:1014600083B0019200283ED04F1EFFB2032F884662
:1014700039D80546C8000CB202F040F9DFF824A1C3
:10148000CAF80000002867D004EB4404A00002F072
:1014900035F93A4B02461860002861D0384BDAF82B
:1014A000009083F8008000244FEAC70B26462746A9
:1014B000484602EB8403295D02F8241030445F6043
:1014C0001F819F722919032202F030F9DAF8000017
:1014D0002C4A83195E4504F103045A6011D0274B4E
:1014E00008361A68E5E72848284B2949C01AC00879
:1014F000000440F00100FEF7EDF8002003B0BDE865
:10150000F08F019B81464FF400424FF47A703946C8
:10151000E2FB03014FF4FA62002302F0EFF94146C7
:1015200002464846FBF7D2FB98B9FBF72BFC68B99B
:10153000184A19480121FFF71BF818B9012003B018
:10154000BDE8F08FFFF764FA0120D7E7FFF760FAF4
:10155000EEE7FFF75DFAE8E70B480C4B0F49C5E7EC
:101560000A4B019008480E49C01AC008000440F018
:101570000100FEF7AFF8019A1046BFE79030002057
:1015800089300020ED12030000680300B0670300FB
:10159000D06103006111030054630300786203000B
:1015A000D46203008C30002072DF704773DF704715
:1015B00076DF704778DF70477ADF70477CDF7047EF
:1015C0007FDF70478FDF7047B1DF7047FFF720BACA
:1015D00008B5037803B108BD054B13211888FFF740
:1015E000E7FF0028F7D0BDE80840FFF711BA00BFB9
:1015F000EE220020FFF70CBA10B50446F9F76EF999
:101600002046F9F70DFE2046F9F72CFB23780D2B29
:1016100000D010BD054B01211878FFF7C7FF002847
:10162000F7D0BDE81040FFF7F3B900BFEC2200206F
:1016300000B502883B2A83B01DD80F2A48D9A2F1F1
:1016400010032B2B44D8DFE803F06778435A434359
:1016500043434343434343434343432D4343434370
:10166000404343434343434343434343434343434D
:10167000434343434350522A73D0562A28D180888B
:101680001321FFF795FF002877D14648464B47497D
:10169000C01AC008000440F0030003B05DF804EB7A
:1016A000FEF718B800238088ADF8043001A9FFF7D1
:1016B00089FF00286AD13B483B4B3D49C01AC0080E
:1016C000000440F00300FEF705F803B05DF804FBEA
:1016D000354B34483749C01AC008000440F00300B5
:1016E00003B05DF804EBFDF713BF80881321FFF70B
:1016F0005FFF002850D12B482B4B2F49C8E72F4ABA
:101700000023108885211A46FFF75AFF002840D190
:101710002448254B2A49BBE7284B81882948198052
:10172000F6F740FB78BB0E20FFF7D6FC0F20FFF743
:10173000C3FC1C481C4B2449AAE7244A1F4B1078C1
:1017400001214FF6FF721A80FFF730FFC0B90E205B
:10175000FFF7B2FC0F20FFF7BFFC1248124B1C49E9
:1017600096E7164A0023108819461A46FFF72CFF01
:10177000A8B90C480C4B17498AE7FFF749F984E7E9
:10178000FFF746F9E3E7FFF743F9CCE7FFF740F946
:1017900091E7FFF73DF9BBE7FFF73AF9ABE7FFF752
:1017A00037F9E6E798680300B06703000C640300AC
:1017B0008463030024640300F4630300EE2200202A
:1017C000986303002031002058630300EC220020BE
:1017D0006C630300C063030000B583B00023019372
:1017E000FFF7B4F9A8B901A90120FFF70DFBC0B9B3
:1017F00001A8FFF7C7FBD8B90F4B10481049C01A12
:10180000C008000440F00300FDF764FF03B05DF87A
:1018100004FBFFF7FDF801A90120FFF7F5FA002806
:10182000E6D0FFF7F5F801A8FFF7ACFB0028E3D0FE
:10183000FFF7EEF8E0E700BFB06703009868030029
:101840003464030000B585B011231C488DF80430C2
:1018500002F02EF8194982B201A8FFF7AFFEF8B9DD
:101860008020FFF7A7FE10BB08220DEB020000212D
:1018700001F06AFF124A4FF0486302A8CDE9022343
:10188000FFF79AFEB0B90F4B0F481049C01AC008B5
:10189000000440F00300FDF71DFF05B05DF804FBF8
:1018A000FFF7B6F88020FFF785FE0028DCD0FFF7B1
:1018B000AFF8D9E7FFF7ACF8E5E700BF54640300E1
:1018C0005000A000B0670300986803006464030040
:1018D00008B50A480021F6F7C3F858B9084B09487B
:1018E0000949C01AC0080004BDE8084040F00300E0
:1018F000FDF7F0BEFFF78CF8F0E700BFAC3000203A
:10190000B0670300986803007C64030030B5234D82
:10191000234B2B6089B000241C23072221466846F4
:10192000AB80AC60AC8101F00FFF0323182221468D
:1019300002A80093ADF804408DF8064001F004FFC2
:10194000079ABDF808301748039402F0604223F468
:101950007F7342F4803242F480724FF4967123F028
:10196000030343F0010304910792294602AACDE93B
:101970000544ADF80830FFF717FE58B90A4B0B487D
:101980000B49C01AC008000440F00300FDF7A2FE96
:1019900009B030BDFFF73CF8F0E700BF1031002080
:1019A000D0220020EC220020B067030098680300DA
:1019B0009864030000B5042283B000210DEB0200FF
:1019C00001F0C2FE0B4B0C48019301A9F6F7D8F9C0
:1019D00060B90A4B0A480B49C01AC008000440F01D
:1019E0000300FDF777FE03B05DF804FBFFF710F886
:1019F000EFE700BFCD15030020310020B0670300E2
:101A000098680300B864030010B588B01C22002158
:101A100001A801F099FE4FF4A02400230D490E4ABD
:101A2000ADF81230CDE901344FF0030C4FF4A0347F
:101A300001A8CDE9061203948DF810C08DF814307A
:101A4000F5F7CCFD08B908B010BDFEF7E1FF08B00E
:101A500010BD00BFD1150300F515030000B583B01C
:101A6000F8F788FD28BB05220021684601F06CFECE
:101A7000BDF802309DF8042023F47F7323F00303A4
:101A800022F0030243F4447342F0030240F2317146
:101A90006846ADF80010ADF802308DF80420F8F774
:101AA0002FFE70B90848F8F70FFE28B903B05DF8AB
:101AB00004FBFEF7ADFFD6E7FEF7AAFF03B05DF823
:101AC00004FBFEF7A5FFEDE7F915030008B5054B8C
:101AD00001211878FFF76AFD00B908BDBDE808408C
:101AE000FEF796BFEC220020704700BF0749084A66
:101AF0000B680848013303FB02F2B0EB720F0B6076
:101B000000D270470D20FFF7F7BA00BF283300203E
:101B1000295C8FC251B81E052DE9F041824D84B079
:101B20004FF4C87445F001054FF47A40A847013CD2
:101B3000FAD17E484FF48041FDF792F8002840F03A
:101B4000D380FDF77DF87A4E7A4B7B4A7B49F61AB3
:101B5000F608360446F004063046FDF7D9FCFEF7D9
:101B6000D1FC002840F0DD804FF0A04C01224FF066
:101B7000030E734FCCF800E71346CCF80C25114642
:101B8000DAB202F01F021F2B03F5E07501FA03F42D
:101B900002F5E07003F1010301FA02F200F29C8009
:101BA000302B4CF825E0CCF80C45E9D1654A1421DE
:101BB0001020FEF76FF9002840F0B080FEF71CF906
:101BC000002840F0A880604B93E8070001AC84E84F
:101BD00007005E49204601F0B3FB002840F09880E2
:101BE0005B4801F0D9FB002840F08F80524A5949E8
:101BF0003046FDF78DFC00F0F1FD002840F08280BA
:101C0000002000F00FFE002000F044FEFFF7E4FD8E
:101C1000FFF718FEFFF75CFEFFF7F6FEFFF7CAFEC0
:101C2000FFF71CFFFFF772FEFFF726FA4A4B93E817
:101C3000070084E80700322204212046FFF70EFC4B
:101C400000285AD1454A46480121FEF791FC002858
:101C500050D1444800221021FEF7A2FC002846D1B2
:101C6000FFF734FF404D414CDFF80C81404FFEF749
:101C7000C3F9FEF759FD2B78834211D3FEF736F9ED
:101C80002378834219D3FDF747F80028EFD1FEF7F8
:101C9000C9F8FEF7B1F9FEF747FD2B788342EDD284
:101CA000FEF742FD4146024630462A70FDF730FC01
:101CB000FEF71CF923788342E5D2FEF717F939467F
:101CC000C2B230462270FDF723FCFDF725F800284C
:101CD000CDD1FEF7A7F8DCE7302B47F820E0C7F8B6
:101CE0000C257FF44DAF61E7FEF792FE29E7FEF782
:101CF0008FFEB5E7FEF78CFEABE71E493046FDF7D9
:101D0000E9FC9FE7FEF784FE7AE7FEF781FE6DE7C8
:101D1000FEF77EFE64E7FEF77BFE54E7FEF778FEF3
:101D20004CE7FEF775FE1FE7A065030035070300CB
:101D300010680300B067030080650300DC640300E3
:101D4000000300502C31002068650300E91A0300ED
:101D50002C330020E864030074650300ED1A0300CF
:101D6000A8650300F0220020253300202433002042
:101D70003C650300F464030014650300826842B10B
:101D800010B5044643690168006998470023A360C1
:101D900010BD70470EB400B582B0039921B104ABF9
:101DA00001AA019300F0B6F802B05DF804EB03B0AD
:101DB000704700BF2DE9F04F154683B0A942DDF80A
:101DC00030900D9A0F4606469A46C0F09E800B460C
:101DD0004FF00108B3FBF5F39D4208F10108F9D972
:101DE000D04538BFD04612F00103019302D1B9F1BA
:101DF000000F67D1B268BAF1010F4FF0010406D9A4
:101E00000AF1FF3ABAF1010F05FB04F4F8D8B7FB69
:101E1000F4F39D4205D805FB04F4B7FBF4F39D42AF
:101E2000F9D9DFF8ECA007E0AC42B4FBF5F31AD324
:101E3000B2681C46B7FBF3F31AF803B0BBF10A0F04
:101E400004FB137728D03368511CB16003F802B04B
:101E5000D6E901329A42E7D33046FFF78FFFB4FB51
:101E6000F5F3AC42E4D2019B9BB1B9F1000F10D065
:101E70002024C84509F1FF390BD2B3683268591CD8
:101E8000B160D454D6E901329A4214D2B9F1000FAC
:101E9000EFD103B0BDE8F08F511C3368B1604FF053
:101EA0000D019954D6E901329A42CCD33046FFF75E
:101EB00065FFB268C7E73046FFF760FFB9F1000F72
:101EC000D7D1E6E793071AD42024B268C84502F1B7
:101ED000010190D23368B1609C54D6E901329A4234
:101EE00009F1FF3903D2B9F1000FEFD183E7304692
:101EF000FFF744FFB268B9F1000FE7D17BE7BAF111
:101F0000000F0CBF30242024DFE74FF0010867E703
:101F1000AC650300002900F05C822DE9F04FDFF88A
:101F200070950D7885B0064690460C464FF00D0A28
:101F30000FE00A2DB36800F08E803268591CB16042
:101F4000D554D6E901329A4280F081802578002D5F
:101F500069D00134002D66D0252DEAD10027234613
:101F600014F8012B2D2A6CD0302A6DD02B2A61D089
:101F70002A2A7FD0A2F1300109294FF000050BD8A1
:101F800005EB850502EB450513F8012FA2F13001A1
:101F90000929A5F13005F3D92E2A1C4675D0002356
:101FA00001E014F8012F02F0FB016829F9D0252A7D
:101FB00000F08681583AD1B2202930D8202A2ED874
:101FC000DFE812F021002D002D002D002D002D0046
:101FD0002D002D002D002D002D00FE0079002D007C
:101FE0002D002D002D0079002D002D002D002D003D
:101FF0002D002D00BD002D002D001A012D00160111
:102000002D002D002100D8F800101022081DC8F85E
:10201000000009683046CDE90057FFF7CBFE0134D8
:102020002578002D95D1337B002B40F0438105B0FE
:10203000BDE8F08F234614F8012B2D2A47F0040742
:1020400092D147F001078AE747F0020787E7304659
:10205000FFF794FE7AE73268591CB16002F803A0DA
:10206000D6E901239342FFF468AF3046FFF786FEBE
:10207000B36862E7D8F80020111DC8F80010156891
:102080005A782E2A03F1010489D16278A2F1300333
:10209000092B04F101044FF0000384D803EB830300
:1020A00002EB430314F8012FA2F130010929A3F137
:1020B0003003F3D977E7D8F80020111DC8F80010D5
:1020C000D2F800B08BEAEB72A2EBEB72092A40F374
:1020D000DB81DFF8C0C3012011466329ACFB02E2BB
:1020E00000F101004FEAD202F6DC9842024638BF06
:1020F0001A460292002D00F01E81BBF1000FC0F2C3
:102100002E817A0700F12B81B80740F12A81002B3C
:1021100040F02781BBF1000FC0F27D817A0700F10A
:102120008D8107F00302022A00F05D81CDE900579E
:1021300059460A223046FFF73DFE013470E7D8F8D1
:1021400000301A1DC8F800201F68B3683268581C98
:102150003021B060D154D6E90123934280F0FA8057
:10216000591C3268B1607821D154D6E901329A42C3
:1021700080F0EB800F2F03D93B461B090F2BFCD8B7
:102180004FF0805506E00F2D4FEA15137FF647AF4D
:10219000B2681D46B7FBF5F319F803B0BBF10A0F9F
:1021A00005FB137777D03368511CB16003F802B098
:1021B000D6E901329A42E6D33046FFF7DFFDE2E787
:1021C000D8F800301A1DC8F800201D78B3680A2D11
:1021D00000F03A813268591CB160D554D6E9013219
:1021E0009A42FFF41CAF3046FFF7C8FD013417E7F1
:1021F000D8F800100A2209E7D8F800301A1DC8F8EC
:10220000002017F00107D3F800B064D1BBF1000F34
:1022100003D0584601F04CFB0746BD4215D9202299
:1022200001E0BD4211D0B1683368481CB0605A5417
:10223000D6E90130984205F1FF35F2D33046FFF779
:102240009DFDBD424FF02002EDD19BF80050002DC6
:102250003FF4E5AE0A2DB0680FD03368421CB2607F
:102260001D54D6E90130984280F0B4801BF8015F1C
:10227000002D3FF4D4AE0A2DEFD13368421CB2607A
:1022800003F800A0D6E901309842E6D33046FFF7C4
:1022900075FDB068E1E73368511CB16003F802A036
:1022A000D6E901329A42FFF47EAF3046FFF766FD71
:1022B000B26878E7304605B0BDE8F04FFFF75EBD85
:1022C000B3683168581CB060CA54D6E901329A42EA
:1022D00089D20134A4E69BF80030002B00F0D680B0
:1022E000B0685F46CBF101020A2B02EB070B5ED010
:1022F000411CB16031680B54D6E90130984248D294
:1023000017F8013F002BEFD15D457FF688AE2027FF
:1023100002E05D453FF483AEB2683368511CB160A2
:102320009F54D6E901329A4205F1FF35F1D3304688
:10233000FFF724FDEDE7B80705D5002B3FF4EAAE23
:10234000F9073FF5E7AE0025E4E63046FFF716FD56
:10235000B2680FE73046FFF711FDB36800E7013DB3
:10236000D2E6F9073FF5D6AE002DECD02022029937
:10237000A942BFF4CFAEB168481CB0603068425487
:10238000D6E90101814205F1FF356CD2002DEED175
:10239000D9E730460292FFF7F1FC17F8013F002B16
:1023A000B2D0029AB0680A2B02EB070BA0D1411CF5
:1023B000B160316801F800A0D6E90110884297D3D6
:1023C0003046CDE90232FFF7D9FCDDE90232B068D0
:1023D0008EE770473046FFF7D1FC1BF8015F002DF8
:1023E0007FF438AF1BE6002B7FF4A0AE8DB1302216
:1023F00002998D427FF69AAEB168481CB060306891
:102400004254D6E90101814205F1FF3535D2002D54
:10241000EED100258AE6B1683268481CB060CBF185
:10242000000B2D205054D6E901219142FFF479AEE2
:1024300030460393FFF7A2FC039B72E6B168326853
:10244000481CB0602B20EDE73268591CB16002F8DF
:1024500003A0D6E901239342FFF4BCAE3046FFF758
:102460008DFCB368B6E630460393FFF787FC039B09
:102470002022002D7FF47BAF65E730460393FFF702
:102480007DFC039B3022C2E701202EE69B463BE702
:10249000AC650300CDCCCCCC2DE9F04FDFF8A0919A
:1024A00000EB400609EBC60683B0F76A012F8046B1
:1024B0008B4692464FEA400407D0022F49D03FB3E3
:1024C0000027384603B0BDE8F08FB76A756AAF429F
:1024D0007AD9013F7F1B366A574528BF5746721B82
:1024E00097427BD208F1010303EB430309EBC303DB
:1024F000594658683A46284401F018F9444409EB13
:10250000C4093D443846C9F8245003B0BDE8F08FF3
:10251000B36A756AAB429CBF326A9B18013B5B1B76
:102520009A45CED8044409EBC40400F10108266A98
:10253000771B08EB4808BA4509EBC8096ED2D9F8F1
:10254000040052462844554401F0F0F857466562AD
:10255000B7E700F1010808EB4808756A4FEAC808B8
:102560000027B26AAA4202F1FF3422D9621B346A00
:10257000524509EB0801A4EB050428BF52469442DA
:10258000486828BF144628445946224601F0CEF830
:10259000336A25449D42AAEB040A2744A3440DD084
:1025A0007562BAF1000F8CD0B26AAA4202F1FF3410
:1025B000DCD8346A2244013A521BD9E700257562FF
:1025C000BAF1000FCDD17CE7366A3744013F7F1B5B
:1025D000574528BF5746721B974283D308F1010A1B
:1025E0000AEB4A0A09EBCA0A5946DAF804000192D2
:1025F000284401F09BF8BE1B019ADAF80400354428
:102600000BEB02012A4601F091F8444409EBC4099E
:102610003846C9F8245003B0BDE8F08FD9F804005B
:10262000284455443A46AD1B01F080F80BEB0701F6
:10263000D9F804002A4601F079F85746656240E768
:102640003033002010B5114C114A12490220C4E960
:1026500004001148C4E906204FF4007020620F48BE
:102660000023C4E912201022E01DA3626362E3622A
:10267000A3656365E365226501F012F90849204608
:1026800001F00EF92023A37110BD00BF30330020EC
:10269000BC650300C8650300B8330020A8330020E0
:1026A000CC65030042DF704710B568B90E4CA368D3
:1026B000012262703BB1D3E900230020A260984759
:1026C000A368002BF7D110BD0128FCD1064C23696B
:1026D000A070002BF7D0D3E9002301202261984796
:1026E0002369002BF7D110BDB835002070B910B5A3
:1026F000074CA368012262703BB1D3E9002300209C
:10270000A2609847A368002BF7D110BD704700BFA7
:10271000B835002030B5012883B004D0032821D07B
:10272000B0B103B030BD294C00230DF107008DF886
:102730000730FEF7B3F923786BB3E3689DF8070021
:1027400001221344E360A270FEF7CEF903B030BD5E
:102750001F4B0122C3F88020BFF34F8FBFF36F8F51
:1027600003B030BD194C00F0E5F800230DF107006F
:102770008DF80730FEF792F9E368013BE360E36808
:102780001BB9144BD3F80054C5B19DF80700FEF7F0
:10279000ABF903B030BD10486360A3602361E36010
:1027A00000F0BCF8FEF7E6FA60B10A4A0123237094
:1027B000D2F80024002AC0D0A370BEE700F0DEF8F3
:1027C000A570E2E700F0B6F8EFE700BFB8350020EB
:1027D00000E100E000000140A926030038B50E4CDE
:1027E000237843B185250D4BD3F800340BB1012379
:1027F000A370284638BD0A486360A3602361E36084
:1028000000F08CF80546FEF7B5FA10B101232370ED
:10281000E9E700F08FF8F9E7B83500200000014043
:10282000A926030030B51A4DAB7883B004469BB19E
:1028300010B143680120984700230DF107008DF87F
:102840000730FEF72BF9EB689DF807000133EB60CA
:10285000FEF74AF903B030BD03F0FF020DF10700A7
:102860008DF80720FEF71AF964B12A6942B1944243
:1028700008D0134601E09C4204D01B68002BFAD11B
:1028800022602C61EB68002BDDD100F065F8DAE7FF
:10289000B835002030B51D4D6B7883B004469BB130
:1028A00010B143680020984700230DF107008DF810
:1028B0000730FEF7F3F86B689DF8070001336B6093
:1028C000FEF712F903B030BD03F0FF020DF107006F
:1028D0008DF80720FEF7E2F864B1AA6842B194428D
:1028E00008D0134601E09C4204D01B68002BFAD1AB
:1028F0002260AC606B68002BDDD1FEF73BFA10B9AB
:1029000000F052F8D7E7FFF7CDFED4E7B835002046
:10291000014B1B68184700BFCC350020044A1379CF
:1029200023B90121106091801846704785207047B7
:10293000D4350020074B1A68D20704D4C02283F88C
:10294000002301221A604FF080430122C3F81825AA
:10295000704700BF00E100E04FF080430022C3F861
:10296000042182B0D3F804210192019802210122AE
:10297000C3F804139A6002B0704700BF4FF0804262
:1029800002210023C2F8081382B0C2F80431D2F841
:102990000431019301230199D360D2F81834DB0389
:1029A000FBD402B0704700BF4FF080430022C3F851
:1029B000002182B0D3F80021019201990122C3F8CD
:1029C00004231A6002B0704710B54FF0804382B004
:1029D000D3F8002162B10021164AC3F80011D3F8E0
:1029E0000011507900910121009CC3F80813A8B18F
:1029F0004FF08043D3F80421CAB10022C3F8042168
:102A0000D3F80421019202210A4A0198C3F808135D
:102A10001368012002B0BDE81040184713685171D7
:102A200098474FF08043D3F80421002AE5D102B043
:102A300010BD00BFD435002030B5284C94F86A3062
:102A400083B0002B46D14FF6FF704FF0FF0C5A09B0
:102A5000012A18BF4FF0FF3103F01F0208BF0146E3
:102A600021FA02F2D20748BFE21803F1010348BF7E
:102A700082F830C0302BEAD14FF0FF304FF0FF31F9
:102A80004FF0FF33C4E900010622002114482366F9
:102A9000C4E90233C4E90433C4E90633C4E90833A2
:102AA000C4E90A3300F050FE0E4BC02283F806231F
:102AB00040221A600C4B0020C3F87C01D3F87C2123
:102AC000019201214FF00042019D84F86A10C3F881
:102AD000042300E0082003B030BD00BFE035002033
:102AE0004436002000E100E000600040034B93F812
:102AF0006A00003818BF0120704700BFE035002091
:102B000070B57D4B03EB000E9EF930C0BCF1000F99
:102B100001DB082070BD91F802C01CF0020FCCF35D
:102B200040055DD11C6A013400F0DF805C6A01342D
:102B300000F0D1804FF00C0E4FF00A0C53F82C40EF
:102B4000013459D00CF10104744547D253F8246084
:102B5000013600F0B8800CF1020474453ED253F8FF
:102B60002460013600F0AF800CF10306764535D2C3
:102B700053F8264001343ED00CF1040676452DD2A0
:102B800053F82640013436D00CF10506764525D29F
:102B900053F8264001342ED00CF1060676451DD29E
:102BA00053F82640013426D00CF10706764515D29D
:102BB00053F8264001341ED00CF1080676450DD29C
:102BC00053F82640013416D00CF1090CF44505D217
:102BD000DC6A013408BF4FF00B0C0DD0042070BD2F
:102BE0001C68013471D05C6801347BD04FF0080E52
:102BF0004FF0020CA2E7B44643F82C201A184FFA03
:102C00008CFE82F830E015B99C448CF858008A7824
:102C100054071CD4D50747D51F2887BF374A00F073
:102C20001F0404464FF0A04202EB8402D2F8004792
:102C300024F00204C2F80047314DC40800F0070C2C
:102C40002E5D012202FA0CF232432A558A7812F0E4
:102C500002021CD04FEA8E0303F1804303F5C04308
:102C60000978D3F8104524F44F3424F44074C3F8A1
:102C7000104502020904D3F8100501F4403102F4B2
:102C80007C520A430243C3F81025002070BDAEF108
:102C9000080E43FA8EF30C7893F86010104641EA60
:102CA000841283F8602070BD1F284C7887BF134DB5
:102CB00000F01F0202464FF0A04502F5E072A400AA
:102CC00045F82240B8E7A44696E71A6000228EF83D
:102CD000302096469BE74FF0090C8EF830C05A62C0
:102CE000E64691E74FF0010C86E74FF0080C8EF8AE
:102CF00030C01A62E64687E7E03500200003005046
:102D00004436002030B4344C04EB000C82B09CF903
:102D10003030072B24DD083B44FA83F393F860300E
:102D20009B09032B47D0012B0CBF4FF400324FF40B
:102D300040321F288ABF294B4FF0A04300F01F00EC
:102D400003EB8000D0F8003723F44033C0F800379D
:102D5000D0F800371A43C0F8002702B030BC7047E3
:102D6000DAB2072AF9D8980000F1804003F1400256
:102D700000F5C04052B29200D0F8105592B202F164
:102D8000804202F5C04245F00105C0F81055002010
:102D9000106012680192019A0029DED09CF930205F
:102DA00054F82220002AD8D00D49012202FA03F358
:102DB000C1F80433D1E71F288ABF084A4FF0A04268
:102DC00000F01F03D2F8102598BF0346DA4002F046
:102DD000010202321204ACE7E0350020000300508B
:102DE000006000401F288ABF054B4FF0A04300F051
:102DF0001F00D3F8103523FA00F000F001007047EF
:102E0000000300502DE9F047002384B0CDE90233E0
:102E10001C4AD2F80011012900F030821E46194BDD
:102E2000D3F80421012A00F01A82164BD3F80821A6
:102E3000012A00F00582134BD3F80C21012A00F07F
:102E4000F081104BD3F81021012A00F0DB810D4BEB
:102E5000D3F81421012A00F0C1810A4BD3F81821BC
:102E6000012A00F0AC81074BD3F81C21012A0BD0BA
:102E7000044BD3F87C21012A00F0218256BB04B018
:102E8000BDE8F08700600040D3F804231206EFD5B8
:102E90000022C3F81C21D3F81C110091D3F87C1137
:102EA0000098012946F0800614D1C3F87C21D3F89C
:102EB0007C3101934FF0A042019BD2F82015CF4BFB
:102EC0000291C2F82015D3F820250392C3F82025DB
:102ED00046F00046CA4F00240125A30003F18043B9
:102EE000354203F5C0434FEA45050BD0D3F8100532
:102EF00057F82420D3F81015C0F30520C1F3014181
:102F000002B190470134082CE7D1002EB7DABC4C4F
:102F1000BA4E01254FF0A04794F96000431C48D0F9
:102F2000C0F3C20202F110030DEB030200F007032D
:102F300012F8082C05FA03F31A42C1B200F03F0060
:102F400037D01F2800F22B8102464FF0A04909EB31
:102F5000820305FA02F2D3F800C7D3F800E72EF493
:102F6000403EC3F800E704EB000ECCF3014C9EF9A1
:102F700030E0D3F800A754F82E80BCF1020F0CBF4C
:102F80004FF4403E4FF4003E4EEA0A0EC3F800E70D
:102F9000C9F82025B8F1000F0BD08909032900F0EA
:102FA0008281BCF1020F00F07B81BCF1030F00F0C5
:102FB000A68194F96100411C48D0C0F3C20202F11D
:102FC00010030DEB030200F0070312F8082C05FABA
:102FD00003F31A42C1B200F03F0037D01F2800F2BD
:102FE000E28002464FF0A04909EB820305FA02F2A3
:102FF000D3F800C7D3F800E72EF4403EC3F800E74B
:1030000004EB000ECCF3014C9EF930E0D3F800A79E
:1030100054F82E80BCF1020F0CBF4FF4403E4FF429
:10302000003E4EEA0A0EC3F800E7C9F82025B8F1C1
:10303000000F0BD08909032900F03A81BCF1020F7F
:1030400000F03381BCF1030F00F05D8194F9620060
:10305000421C48D0C0F3C20202F110030DEB030280
:1030600000F0070312F8082C05FA03F31A42C1B264
:1030700000F03F0037D01F2800F2998002464FF041
:10308000A04909EB820305FA02F2D3F800C7D3F88E
:1030900000E72EF4403EC3F800E704EB000ECCF34B
:1030A000014C9EF930E0D3F800A754F82E80BCF113
:1030B000020F0CBF4FF4403E4FF4003E4EEA0A0EA2
:1030C000C3F800E7C9F82025B8F1000F0BD0890933
:1030D000032900F0F280BCF1020F00F0EB80BCF19C
:1030E000030F00F0088194F96300431C47D0C0F33C
:1030F000C20202F110030DEB030200F0070312F805
:10310000082C05FA03F31A42C1B200F03F0036D092
:103110001F2850D802464FF0A04909EB820305FA58
:1031200002F2D3F800C7D3F800E72EF4403EC3F80C
:1031300000E704EB000ECCF3014C9EF930E0D3F82D
:1031400000A754F82E80BCF1020F0CBF4FF4403E94
:103150004FF4003E4EEA0A0EC3F800E7C9F82025F6
:10316000B8F1000F0BD08909032900F09780BCF15A
:10317000020F00F09080BCF1030F00F0B880D7F888
:1031800020250292C7F82025D6F820350393C6F8EB
:10319000203513437FF4C0AE04B0BDE8F08701F0E2
:1031A0001F02B146D3E601F01F02B1461CE701F051
:1031B0001F02B14665E701F01F02B146ADE7D3F843
:1031C000042351067FF54FAE0022C3F81821D3F82F
:1031D00018310093009B46F0400644E6D3F80423E0
:1031E00090067FF53AAE0022C3F81421D3F81431CB
:1031F0000093009B46F020062FE600BF000300501E
:10320000E0350020D3F80423D4067FF520AE002259
:10321000C3F81021D3F810310093009B46F010063C
:1032200015E6D3F8042315077FF50BAE0022C3F88B
:103230000C21D3F80C310093009B46F0080600E601
:10324000D3F8042357077FF5F6AD0022C3F8082111
:10325000D3F808310093009B46F00406EBE5D3F861
:10326000042392077FF5E1AD0022C3F80421D3F8CF
:1032700004310093009B46F00206D6E5D2F80463C1
:1032800016F001063FF4CBADC2F80031D2F80031A0
:103290000093009BC3E501297FF471AFC0476EE73F
:1032A00001297FF486AEC04783E601297FF4CEAEC4
:1032B000C047CBE601297FF416AFC04713E70022D1
:1032C000C3F87C21D3F87C3101934FF0A042019BDD
:1032D000D2F820150E4B0291C2F82015D3F8202504
:1032E0000392C3F82025002E3FF411AEF0E5022929
:1032F0007FF445AFD2E702297FF4F5AEDDE702297E
:103300007FF457AECFE702297FF4A0AED0E700BF2D
:103310000003005010B5084CD4F8003182B04BB116
:10332000064B1B6898470023C4F80031D4F80031DD
:103330000193019B02B010BD0000014050360020F7
:1033400070B5114B114A1D781160DDB9104E02782D
:1033500001211970C6F80C25416804464FF47A72B1
:103360000023C803490C00F0C9FAC6F80405237A03
:10337000084A5B01DBB282F810334FF480331360EC
:10338000284670BD082070BD4D3600205036002004
:103390000000014000E100E030B583B005460024A4
:1033A0000DF107008DF80740FDF778FB0F4A137801
:1033B000072B12D80E492B70581C1070D1F8080535
:1033C000012202FA03F30343C1F808359DF8070010
:1033D000FDF78AFB204603B030BD9DF80700FDF7DE
:1033E00083FB0424204603B030BD00BF4C360020D0
:1033F000000001400649074A074B9B1A03DD043BC6
:10340000C858D050FBDC00F013F8F3F71DFF0000A4
:10341000B86803006022002098230020FEE7FEE742
:10342000FEE7FEE7FEE7FEE7FEE7FEE7FEE7FEE774
:1034300010B44FF08053D3F83021082A23D0844AA7
:10344000D2F8883043F47003C2F88830BFF34F8F4E
:10345000BFF36F8F4FF08053D3F83021082A00F06C
:10346000B3804FF01023D3F80022002AC0F2BF80AF
:10347000D3F80432002BC0F2BA80764B764A1A6039
:103480005DF8044B70474FF080410020C1F80C01FB
:10349000724AC1F81001C1F83805D3F80414C2F813
:1034A0002015D3F80814C2F82415D3F80C14C2F868
:1034B0002815D3F81014C2F82C15D3F81414C2F838
:1034C0003015D3F81814C2F83415D3F81C14C2F808
:1034D0004015D3F82014C2F84415D3F82414C2F8C8
:1034E0004815D3F82814C2F84C15D3F82C14C2F898
:1034F0005015D3F83014C2F85415D3F83414C2F868
:103500006015D3F83814C2F86415D3F83C14C2F827
:103510006815D3F84014C2F86C15D3F83411D3F8F9
:103520004434C2F87035052942D84D4B5B5C1BB161
:103530004C4B4D4AC3F88C264C4B5B5C73B14FF03F
:1035400080534B49D3F83021FB20C1F81805082AD5
:10355000D3F834117FF473AF052929D8454B5B5C50
:10356000BBB14FF080524FF08040D2F85832D0F8C3
:10357000E41ED2F8304121F00F0103F00F030B439A
:10358000C0F8E43E082CD2F834117FF458AF052976
:103590000ED8394B5B5C5BB14FF08053374AD3F8A0
:1035A00030314FF40071082BC2F840167FF447AF5A
:1035B0004FF08043D3F80024D2077FF540AF6FF07F
:1035C0000102C3F800243AE7D3F83431052B08D9B7
:1035D0004FF010224FF08043D2F80822C3F858254C
:1035E0003FE7274AD35C002B3FF43BAFF0E7254A87
:1035F0000123C2F80435D2F80034002BFBD04FF081
:10360000102312211F4AC3F80012D2F80034002BF5
:10361000FBD04FF0102312211A4AC3F80412D2F83B
:103620000034002BFBD000231649C2F80435D1F832
:103630000034002BFBD0BFF34F8F0549124BCA68F3
:1036400002F4E0621343CB60BFF34F8F00BFFDE78E
:1036500000ED00E0102300200090D00300C00040E7
:103660000C66030000500040488103000C66030014
:1036700000F000400C6603000C660300009002405E
:103680000466030000E001400400FA0508B5074B9A
:10369000044613B10021AFF30080054B1868836A1C
:1036A00003B19847204600F027F900BF0000000052
:1036B0001467030070B50D4D0D4C641BA41000265B
:1036C000A64209D10B4D0C4C00F09AFA641BA410D1
:1036D0000026A64205D170BD55F8043B9847013637
:1036E000EEE755F8043B98470136F2E778230020CF
:1036F00078230020782300207C230020024B014601
:10370000186800F049B800BF1423002010B5013933
:103710000244904201D1002005E0037811F8014FE6
:10372000A34201D0181B10BD0130F2E70A449142B8
:1037300000F1FF3300D1704710B511F8014B03F8C9
:10374000014F9142F9D110BD02440346934200D18A
:10375000704703F8011BF9E770B50E4E0C4631684F
:10376000054611B900F08CF830602146284600F07B
:1037700087F8431C0AD0C41C24F00304A04207D0DD
:10378000211A284600F07CF8013001D14FF0FF34B7
:10379000204670BD583600202DE9F041CD1C25F0A3
:1037A000030508350C2D38BF0C25002D074601DB1D
:1037B000A94205D90C233B6000263046BDE8F081C4
:1037C0002E4E00F07DF833681C4634BB294638463F
:1037D000FFF7C2FF431C04464DD134682646002E35
:1037E00040D123683146384604EB030800F048F81E
:1037F00080453AD1216803356D1A25F00305083557
:103800000C2D38BF0C2529463846FFF7A5FF01309F
:103810002BD023682B4423600EE02268521B1ED459
:103820000B2A16D96119A342256018BF5960636835
:1038300008BF316062514B60384604F10B0600F05E
:1038400045F826F00706231DF21AB6D09B1BA3509D
:10385000B3E76268A3420CBF32605A60ECE72346CC
:103860006468B2E734467668B9E70C233B603846B3
:1038700000F02CF8A1E72560DEE700BF54360020F9
:1038800038B5064D0023044608462B6000F026F8A4
:10389000431C02D12B6803B1236038BD5C36002085
:1038A000034611F8012B03F8012B002AF9D17047C8
:1038B000034613F8012B002AFBD1181A0138704770
:1038C000014800F009B800BF60360020014800F050
:1038D00004B800BF6036002070477047044A0549AD
:1038E0001368002B08BF0B46184410601846704739
:1038F0006436002068360020FEE700BF53B94AB99D
:10390000002908BF00281CBF4FF0FF314FF0FF30E7
:1039100000F074B9ADF1080C6DE904CE00F006F8C2
:10392000DDF804E0DDE9022304B070472DE9F0473B
:10393000089D04468E46002B4DD18A42944669D993
:10394000B2FA82F252B101FA02F3C2F1200120FA76
:1039500001F10CFA02FC41EA030E94404FEA1C48C4
:10396000210CBEFBF8F61FFA8CF708FB16E341EAC0
:10397000034306FB07F199420AD91CEB030306F146
:10398000FF3080F01F81994240F21C81023E634467
:103990005B1AA4B2B3FBF8F008FB103344EA03440B
:1039A00000FB07F7A7420AD91CEB040400F1FF3320
:1039B00080F00A81A74240F207816444023840EA5D
:1039C0000640E41B00261DB1D4400023C5E9004396
:1039D0003146BDE8F0878B4209D9002D00F0EF8019
:1039E0000026C5E9000130463146BDE8F087B3FA4C
:1039F00083F6002E4AD18B4202D3824200F2F98034
:103A0000841A61EB030301209E46002DE0D0C5E936
:103A1000004EDDE702B9FFDEB2FA82F2002A40F082
:103A20009280A1EB0C014FEA1C471FFA8CFE012685
:103A3000200CB1FBF7F307FB131140EA01410EFB29
:103A400003F0884208D91CEB010103F1FF3802D2D0
:103A5000884200F2CB804346091AA4B2B1FBF7F0CA
:103A600007FB101144EA01440EFB00FEA64508D9ED
:103A70001CEB040400F1FF3102D2A64500F2BB802A
:103A80000846A4EB0E0440EA03409CE7C6F1200779
:103A9000B34022FA07FC4CEA030C20FA07F401FABF
:103AA00006F31C43F9404FEA1C4900FA06F3B1FB48
:103AB000F9F8200C1FFA8CFE09FB181140EA0141AD
:103AC00008FB0EF0884202FA06F20BD91CEB01014A
:103AD00008F1FF3A80F08880884240F28580A8F1A2
:103AE00002086144091AA4B2B1FBF9F009FB1011F4
:103AF00044EA014100FB0EFE8E4508D91CEB010192
:103B000000F1FF346CD28E456AD90238614440EA34
:103B10000840A0FB0294A1EB0E01A142C846A646B4
:103B200056D353D05DB1B3EB080261EB0E0101FA3D
:103B300007F722FA06F3F1401F43C5E9007100269A
:103B40003146BDE8F087C2F12003D8400CFA02FCF0
:103B500021FA03F3914001434FEA1C471FFA8CFE00
:103B6000B3FBF7F007FB10360B0C43EA064300FBF0
:103B70000EF69E4204FA02F408D91CEB030300F18E
:103B8000FF382FD29E422DD9023863449B1B89B245
:103B9000B3FBF7F607FB163341EA034106FB0EF3CE
:103BA0008B4208D91CEB010106F1FF3816D28B427B
:103BB00014D9023E6144C91A46EA004638E72E4647
:103BC000284605E70646E3E61846F8E64B45A9D23F
:103BD000B9EB020864EB0C0E0138A3E74646EAE7AE
:103BE000204694E74046D1E7D0467BE7023B61445C
:103BF00032E7304609E76444023842E7704700BFC5
:103C0000F8B500BFF8BC08BC9E467047F8B500BFC9
:103C1000F8BC08BC9E467047626C655F62617300C9
:103C20005570646174696E672064617461206C65AD
:103C30006E67746820746F202575206F6E20636F27
:103C40006E6E656374696F6E20307825782E000083
:103C500073645F626C655F6761705F646174615F0C
:103C60006C656E6774685F7570646174652829207F
:103C7000287265717565737429206F6E20636F6E8D
:103C80006E656374696F6E20307825782072657474
:103C900075726E65642025732E00000054686520DF
:103CA0007265717565737465642054582F5258207D
:103CB0007061636B6574206C656E677468206973EE
:103CC00020746F6F206C6F6E672062792025752FCE
:103CD0002575206F63746574732E00005468652029
:103CE00072657175657374656420636F6D62696E6A
:103CF0006174696F6E206F6620545820616E642075
:103D00005258207061636B6574206C656E677468CF
:103D10007320697320746F6F206C6F6E67206279F7
:103D2000202575206D6963726F7365636F6E6473B0
:103D30002E00000052657175657374696E6720749A
:103D40006F2075706461746520415454204D545542
:103D500020746F202575206279746573206F6E2042
:103D6000636F6E6E656374696F6E20307825782E90
:103D70000000000073645F626C655F676174746368
:103D80005F65786368616E67655F6D74755F7265A6
:103D900071756573742829206F6E20636F6E6E6570
:103DA0006374696F6E20307825782072657475723F
:103DB0006E656420627573792C2077696C6C207253
:103DC000657472792E00000073645F626C655F67D2
:103DD000617474635F65786368616E67655F6D7455
:103DE000755F7265717565737428292072657475C5
:103DF000726E65642025732E00000000415454202B
:103E00004D5455207570646174656420746F20256D
:103E100075206279746573206F6E20636F6E6E65B6
:103E20006374696F6E20307825782028726573700E
:103E30006F6E7365292E000050656572206F6E20CD
:103E4000636F6E6E656374696F6E203078257820BD
:103E500072657175657374656420616E2041545498
:103E6000204D5455206F6620257520627974657346
:103E70002E0000005570646174696E6720415454CF
:103E8000204D545520746F20257520627974657318
:103E90002028646573697265643A20257529206F4E
:103EA0006E20636F6E6E656374696F6E2030782567
:103EB000782E000073645F626C655F676174747371
:103EC0005F65786368616E67655F6D74755F726565
:103ED000706C7928292072657475726E656420256E
:103EE000732E000044617461206C656E67746820F5
:103EF0007570646174656420746F202575206F6E21
:103F000020636F6E6E656374696F6E203078253044
:103F1000782E00006D61785F72785F6F63746574EE
:103F2000733A2025750000006D61785F74785F6FCB
:103F300063746574733A2025750000006D61785FC5
:103F400072785F74696D653A202575006D61785FE0
:103F500074785F74696D653A2025750050656572E7
:103F6000206F6E20636F6E6E656374696F6E2030B4
:103F70007825782072657175657374656420612099
:103F800064617461206C656E677468206F662025BB
:103F9000752062797465732E00000000526571759A
:103FA000657374696E6720746F20757064617465E1
:103FB00020415454204D545520746F2025752062A3
:103FC00079746573206F6E20636F6E6E65637469BC
:103FD0006F6E203078257820287265747279292ECA
:103FE000000000006E72665F626C655F67617474EA
:103FF00000000000546865206C6F63616C20646190
:1040000074616261736520686173206368616E67C3
:1040100065642C20736F20736F6D652073756273F8
:104020006372697074696F6E7320746F206E6F7441
:10403000696669636174696F6E7320616E6420697B
:104040006E6469636174696F6E7320636F756C640D
:10405000206E6F7420626520726573746F72656480
:1040600020666F7220636F6E6E5F68616E646C6550
:10407000202564006773636D5F6C6F63616C5F64C0
:10408000625F63616368655F6170706C7928292085
:1040900072657475726E6564202573207768696334
:1040A000682073686F756C64206E6F74206861702F
:1040B00070656E2E20636F6E6E5F68616E646C65F6
:1040C0003A20256400000000466C61736820667524
:1040D0006C6C2E20436F756C64206E6F742073744B
:1040E0006F7265206461746120666F7220636F6E09
:1040F0006E5F68616E646C653A20256400000000A4
:104100006773636D5F6C6F63616C5F64625F636153
:104110006368655F757064617465282920726574D1
:1041200075726E656420257320666F7220636F6EF2
:104130006E5F68616E646C653A2025640000000063
:104140006773636D5F736572766963655F636861EA
:104150006E6765645F696E645F73656E64282920AD
:1041600072657475726E656420257320666F7220A7
:10417000636F6E6E5F68616E646C653A20256400E3
:10418000436F756C64206E6F742061637175697222
:104190006520636F6E6E5F737461746520757365FF
:1041A0007220666C6167732E20496E63726561735D
:1041B0006520424C455F434F4E4E5F53544154453A
:1041C0005F555345525F464C41475F434F554E54F0
:1041D00020696E2074686520626C655F636F6E6E27
:1041E0005F7374617465206D6F64756C652E00007B
:1041F00043415220636861722076616C756520636B
:104200006F756C646E27742062652073746F7265BD
:104210006420286572726F723A202573292E20520D
:1042200065617474656D70742077696C6C20686169
:104230007070656E206F6E20746865206E6578748E
:1042400020636F6E6E656374696F6E2E00000000F0
:10425000556E6578706563746564204741545420D9
:10426000737461747573207768696C652067657411
:1042700074696E67204341522063686172207661E1
:104280006C75653A20307825780000004D756C74A7
:1042900069706C6520282564292043415220636899
:1042A0006172616374657269737469637320666FA8
:1042B000756E642C207573696E672074686520665E
:1042C000697273742E000000556E657870656374B2
:1042D0006564204341522063686172616374657252
:1042E00069737469632076616C7565206C656E67AF
:1042F000746820282564292C2073746F726520301F
:104300002E000000706565725F6D616E6167657299
:104310005F67636D000000000100FFFF0000000008
:10432000010000007064735F706565725F646174A2
:10433000615F73746F726528292072657475726E7F
:104340006564202573207768696C652073746F72CB
:10435000696E672073657276696365206368616E54
:10436000676564737461746520666F72207065653B
:10437000722069642025642E000000007064625F72
:10438000706565725F646174615F7074725F6765A8
:104390007428292072657475726E656420257320F7
:1043A000666F7220636F6E6E5F68616E646C653AF3
:1043B0002025640044696420616E6F746865722012
:1043C000746872656164206D616E6970756C61748A
:1043D0006520504D5F504545525F444154415F490F
:1043E000445F474154545F4C4F43414C20666F72C9
:1043F00020706565725F6964202564206174207493
:1044000068652073616D652074696D653F20706417
:10441000625F77726974655F6275665F72656C650D
:1044200061736528292072657475726E6564202534
:10443000732E000073645F626C655F6761747473F0
:104440005F7379735F617474725F73657428292078
:1044500072657475726E6564204E52465F455252A5
:104460004F525F494E56414C49445F4441544120AC
:10447000666F72204E554C4C20706F696E74657279
:104480002077686963682073686F756C64206E6557
:104490007665722068617070656E2E20636F6E6E37
:1044A0005F68616E646C653A2025640073645F62C6
:1044B0006C655F67617474735F696E697469616C60
:1044C0005F757365725F68616E646C655F67657464
:1044D00028292072657475726E65642025732077B3
:1044E000686963682073686F756C64206E6F7420F0
:1044F00068617070656E2E00706565725F6D616ECB
:10450000616765725F6773636D0000000100010001
:104510001C450300010001002045030001000000CC
:1045200000000000706565725F6D616E61676572A5
:104530005F696D00436F756C64206E6F74206465F5
:104540006C657465207065657220646174612E20ED
:104550006664735F66696C655F64656C6574652825
:10456000292072657475726E656420307825782014
:10457000666F7220706565725F69643A2025640019
:10458000436F756C64206E6F7420696E6974696125
:104590006C697A6520666C6173682073746F7261F0
:1045A00067652E206664735F7265676973746572F0
:1045B00028292072657475726E65642030782578BC
:1045C0002E000000436F756C64206E6F7420696E5E
:1045D000697469616C697A6520666C6173682073BF
:1045E000746F726167652E206664735F696E6974AB
:1045F00028292072657475726E656420307825787C
:104600002E000000436F756C64206E6F742077720B
:10461000697465206461746120746F20666C6173D5
:10462000682E206664735F7265636F72645F7B7768
:10463000726974657C7570646174657D2829207267
:10464000657475726E656420307825782E207065EB
:1046500065725F69643A20256400000070656572C8
:104660005F6D616E616765725F706473000000006A
:10467000706D5F6275666665725F7074725F6765A4
:1046800074282920636F756C64206E6F74207265C6
:104690007472696576652052414D20627566666563
:1046A000722E20626C6F636B5F69643A2025640030
:1046B0007064735F706565725F646174615F737469
:1046C0006F726528292072657475726E6564202585
:1046D000732E20706565725F69643A20256400005E
:1046E000536F6D6520706565722064617461207719
:1046F0006173206E6F742070726F7065726C7920B8
:104700007772697474656E20746F20666C6173686B
:104710002E2077726974655F6275665F73746F725D
:104720006528292072657475726E65642025732072
:10473000666F7220706565725F69643A2025640057
:10474000504D5F4255464645525F494E49542829CF
:104750002072657475726E65642025732E000000EA
:104760005065657220494420256420776173206E6E
:104770006F742070726F7065726C792072656C65F1
:10478000617365642E207064735F706565725F6924
:10479000645F6672656528292072657475726E653E
:1047A000642025732E20706565725F69643A202548
:1047B0006400000043616E6E6F742073746F7265E5
:1047C000206461746120746F20666C61736820627C
:1047D00065636175736520706D5F6275666665728D
:1047E0005F7074725F676574282920636F756C64ED
:1047F000206E6F742072657472696576652052410F
:104800004D206275666665722E20497320626C6F5A
:10481000636B5F6964202564206E6F7420616C6C2B
:104820006F63617465643F00706565725F6D616E92
:10483000616765725F70646200000000436F756CB1
:1048400064206E6F7420726574726569766520727B
:10485000616E6B732E207064625F706565725F6459
:104860006174615F6C6F6164282920726574757270
:104870006E65642025732E20706565725F69643AE9
:10488000202564002573206661696C65642062657B
:104890006361757365207064735F696E697428293C
:1048A0002072657475726E65642025732E00000099
:1048B0002573206661696C65642062656361757348
:1048C00065207064625F696E69742829207265745E
:1048D00075726E65642025732E00000025732066B6
:1048E00061696C6564206265636175736520736DD1
:1048F0005F696E697428292072657475726E6564CB
:104900002025732E000000002573206661696C6508
:1049100064206265636175736520736D645F696EA1
:10492000697428292072657475726E656420257318
:104930002E0000002573206661696C656420626545
:1049400063617573652067636D5F696E697428299B
:104950002072657475726E65642025732E000000E8
:104960002573206661696C65642062656361757397
:1049700065206773636D5F696E69742829207265AD
:104980007475726E65642025732E0000436F756C1C
:1049900064206E6F74207570646174652072616E3E
:1049A0006B2E207064625F7261775F73746F7265E3
:1049B00028292072657475726E65642025732E2017
:1049C000706565725F69643A202564007065657280
:1049D0005F6D616E61676572000000000100060096
:1049E00040270020706D5F696E697400436F6E6EC2
:1049F000656374696F6E20736563757265643A20D0
:104A0000726F6C653A2025732C20636F6E6E5F6841
:104A1000616E646C653A2025642C2070726F63654A
:104A2000647572653A20257300000000436F6E6E56
:104A3000656374696F6E207365637572697479203C
:104A40006661696C65643A20726F6C653A20257303
:104A50002C20636F6E6E5F68616E646C653A203007
:104A60007825782C2070726F6365647572653A20C2
:104A700025732C206572726F723A20256400000045
:104A8000466C6173682073746F7261676520697327
:104A90002066756C6C000000556E657870656374F7
:104AA000656420666174616C206572726F72206F3C
:104AB000636375727265643A206572726F723A2030
:104AC000257300002C206E6F206368616E6765009F
:104AD00050656572206461746120757064617465ED
:104AE0006420696E20666C6173683A207065657237
:104AF0005F69643A2025642C20646174615F696495
:104B00003A2025732C20616374696F6E3A202573F7
:104B100025730000506565722064617461207570B2
:104B20006461746564206661696C65643A207065CF
:104B300065725F69643A2025642C20646174615F4A
:104B400069643A2025732C20616374696F6E3A2082
:104B500025732C206572726F723A20257300000055
:104B6000506565722064656C657465642073756357
:104B70006365737366756C6C793A20706565725FF6
:104B800069643A2025640000506565722064656C94
:104B90006574696F6E206661696C65643A20706542
:104BA00065725F69643A2025642C206572726F72A9
:104BB0003A20257300000000416C6C20706565721E
:104BC000732064656C657465642E0000416C6C2014
:104BD000706565722064656C6574696F6E206661CE
:104BE000696C65643A206572726F723A20257300B1
:104BF0004C6F63616C20444220636F756C64206E5F
:104C00006F74206265206170706C6965643A20631E
:104C10006F6E6E5F68616E646C653A2025642C204F
:104C2000706565725F69643A20256400466C617343
:104C300068206761726261676520636F6C6C656391
:104C400074696F6E206661696C6564207769746849
:104C5000206572726F722025732E0000556E657884
:104C600070656374656420504D206576656E7420B0
:104C700049443A20307825782E000000706D5F633B
:104C80006F6E6E5F73656375726528292066616952
:104C90006C6564206265636175736520616E205385
:104CA0004D502074696D656F757420697320707242
:104CB0006576656E74696E67207365637572697475
:104CC00079206F6E20746865206C696E6B2E2044AD
:104CD0006973636F6E6E656374696E6720636F6E70
:104CE0006E5F68616E646C652025642E00000000B4
:104CF00073645F626C655F6761705F646973636F43
:104D00006E6E65637428292072657475726E6564B1
:104D1000202573206F6E20636F6E6E5F68616E6416
:104D20006C652025642E0000706D5F636F6E6E5F92
:104D30007365637572652829206661696C656420F6
:104D400062656361757365207468652073746F7242
:104D50006564206461746120666F7220636F6E6E9B
:104D60005F68616E646C6520256420646F657320E4
:104D70006E6F74206861766520612076616C69646D
:104D8000206B65792E000000706D5F636F6E6E5F43
:104D90007365637572652829206661696C65642096
:104DA0006265636175736520636F6E6E5F68616EC7
:104DB000646C65202564206973206E6F7420612007
:104DC00076616C696420636F6E6E656374696F6E83
:104DD0002E000000417373657274696E672E207037
:104DE0006D5F636F6E6E5F736563757265282920F2
:104DF00072657475726E6564202573206F6E206312
:104E00006F6E6E5F68616E646C652025642E0000B5
:104E1000417373657274696E672E00004174746526
:104E20006D7074696E6720746F20636C65616E20AD
:104E3000666C6173682E000044656C6574696E670A
:104E4000206C6F776573742072616E6B656420707F
:104E50006565722028706565725F69643A20256413
:104E600029000000546865726520617265206E6FCC
:104E700020706565727320746F2064656C6574655D
:104E80002E000000506565722072616E6B732066A3
:104E9000756E6374696F6E616C69747920697320D3
:104EA00064697361626C65642C20736F206E6F207F
:104EB0007065657273206172652064656C657465E8
:104EC000642E0000446973636F6E6E656374696E6F
:104ED0006720636F6E6E5F68616E646C6520256429
:104EE0002E000000557064617465000044656C65B7
:104EF000746500004F7574646174656420283029FE
:104F00000000000053657276696365206368616E16
:104F10006765642070656E64696E6720666C6167A2
:104F2000000000004F7574646174656420283229A4
:104F3000000000004F757464617465642028332993
:104F4000000000004170706C69636174696F6E20CD
:104F5000646174610000000052656D6F74652064C7
:104F60006174616261736500506565722072616E83
:104F70006B000000426F6E64696E6720646174614B
:104F8000000000004C6F63616C20646174616261B9
:104F90007365000043656E7472616C2061646472B5
:104FA000657373207265736F6C7574696F6E000042
:104FB000456E6372797074696F6E0000426F6E6443
:104FC000696E670050616972696E6700496E76614B
:104FD0006C696420526F6C65000000005065726956
:104FE00070686572616C000043656E7472616C007C
:104FF000706565725F6D616E616765725F68616E35
:10500000646C657200000000E44E0300EC4E030087
:10501000F44E0300044F0300244F0300344F0300F9
:10502000444F0300584F0300684F0300744F0300C0
:10503000844F0300944F0300CC4F0300DC4F030068
:10504000E84F0300B04F0300BC4F0300C44F030000
:10505000436F756C64206E6F7420636C65616E20A5
:105060007570206166746572206661696C65642084
:10507000626F6E64696E672070726F6365647572CB
:10508000652E207064625F77726974655F62756611
:105090005F72656C6561736528292072657475722D
:1050A0006E65642025732E20636F6E6E5F68616E7F
:1050B000646C653A2025642E00000000436F756C17
:1050C00064206E6F74207265747269657665205213
:1050D000414D2062756666657220666F7220696E4A
:1050E000636F6D696E6720626F6E642E20706462FC
:1050F0005F77726974655F6275665F67657428299A
:105100002072657475726E65642025732E20636F3E
:105110006E6E5F68616E646C653A20256400000005
:10512000696D5F626C655F616464725F6765742856
:10513000292072657475726E65642025732E206354
:105140006F6E6E5F68616E646C653A2025642E2018
:105150004C696E6B20776173206C696B656C79208C
:10516000646973636F6E6E65637465642E0000001E
:1051700073645F626C655F6761705F7365635F69CD
:105180006E666F5F7265706C792829207265747520
:10519000726E6564204E52465F45524F525F494ED3
:1051A00056414C49445F53544154452C207768691B
:1051B000636820697320616E6572726F7220756E0C
:1051C0006C65737320746865206C696E6B206973FD
:1051D00020646973636F6E6E656374696E672E0019
:1051E000436F756C64206E6F7420636F6D706C65B7
:1051F000746520656E6372797074696F6E20707269
:105200006F6365647572652E2073645F626C655FA1
:105210006761705F7365635F696E666F5F7265700B
:105220006C7928292072657475726E656420257307
:105230002E20636F6E6E5F68616E646C653A202528
:10524000642C20706565725F69643A2025642E00C5
:1052500052414D2062756666657220666F72206EDF
:10526000657720626F6E642077617320756E61765A
:1052700061696C61626C652E207064625F7772692F
:1052800074655F6275665F6765742829207265744E
:1052900075726E65642025732E20636F6E6E5F6875
:1052A000616E646C653A2025642E0000436F756C56
:1052B00064206E6F7420616C6C6F63617465206E26
:1052C000657720706565725F696420666F7220691A
:1052D0006E636F6D696E6720626F6E642E000000F2
:1052E000436F756C64206E6F742073746F726520E9
:1052F000626F6E642E207064625F77726974655F9E
:105300006275665F73746F726528292072657475A3
:10531000726E65642025732E20636F6E6E5F686108
:105320006E646C653A2025642C20706565725F6937
:10533000643A202564000000706565725F6D616EDF
:10534000616765725F736D640000000043616E6E9B
:105350006F7420736563757265206C696E6B206273
:1053600065636175736520612070726576696F751C
:10537000732073656375726974792070726F6365E9
:105380006475726520656E64656420696E20746959
:105390006D656F75742E20446973636F6E6E6563FF
:1053A0007420616E642072657472792E20736D644E
:1053B0005F706172616D735F7265706C792829200E
:1053C0006F7220736D645F6C696E6B5F736563757C
:1053D000726528292072657475726E6564204E525C
:1053E000465F4552524F525F54494D454F55542EDA
:1053F00020636F6E6E5F68616E646C653A20256431
:1054000000000000436F756C64206E6F742070653F
:1054100072666F726D20736563757269747920703E
:10542000726F6365647572652E20736D645F706161
:1054300072616D735F7265706C792829206F7220BC
:10544000736D645F6C696E6B5F73656375726528FD
:10545000292072657475726E65642025732E206331
:105460006F6E6E5F68616E646C653A202564000043
:10547000436F756C64206E6F7420706572666F7216
:105480006D2073656375726974792070726F6365DE
:10549000647572652E20736D645F6C696E6B5F73EB
:1054A000656375726528292072657475726E65640E
:1054B0002025732E20636F6E6E5F68616E646C656D
:1054C0003A20256400000000706565725F6D616EB2
:1054D000616765725F736D006170705F627574748F
:1054E0006F6E0000802200200000FFFFDEC0ADDEF6
:1054F000FE011EF1DEC0ADDEFF011EF1705F6673BE
:1055000000000000257320636865636B2066616995
:105510006C656420696E202573282920776974687A
:105520002076616C756520307825782E00000000AB
:10553000705F617069000000705F66732D3E705F80
:1055400061706900705F6465737400006C656E0063
:10555000616464725F69735F616C69676E6564330F
:105560003228737263290000616464725F69735F3B
:1055700077697468696E5F626F756E647328705FB7
:1055800066732C207372632C206C656E29000000FA
:10559000705F73726300000021286C656E20252007
:1055A000705F66732D3E705F666C6173685F696ED5
:1055B000666F2D3E70726F6772616D5F756E697494
:1055C00029000000616464725F69735F616C6967E0
:1055D0006E65643332286465737429006164647293
:1055E0005F69735F616C69676E6564333228287523
:1055F000696E7433325F7429705F737263290000BF
:10560000616464725F69735F77697468696E5F6211
:105610006F756E647328705F66732C206465737495
:105620002C206C656E290000616464725F69735F91
:10563000706167655F616C69676E656428705F663D
:10564000732C20706167655F6164647229000000DB
:10565000616464725F69735F77697468696E5F62C1
:105660006F756E647328705F66732C207061676558
:105670005F616464722C20286C656E202A20705F44
:1056800066732D3E705F666C6173685F696E666FEE
:105690002D3E65726173655F756E6974292900001E
:1056A0006E72665F6673746F7261676500000000FA
:1056B0006E72665F6673746F726167655F65726153
:1056C000736500006E72665F6673746F7261676502
:1056D0005F777269746500006E72665F6673746FDF
:1056E000726167655F696E697400000000100000F8
:1056F0000400000001000000C5E60200A5E602006B
:1057000095E60200F1E8020065E9020069E60200A0
:105710006DE6020071E602000000000000000000DB
:105720000338FDD870470000EDEA020061EB02008B
:10573000E9EA02007274745F6C6F675F6261636BA9
:10574000656E64004261636B656E647320666C75A0
:10575000736865640000000061707000102F002005
:105760007F000000902F00201B5B313B33316D0028
:1057700025734C6F67732064726F707065642028A6
:1057800025642925730D0A001B5B306D00000000A5
:105790005B253032643A253032643A253032642E4B
:1057A000253033642C253033645D20003C25733E66
:1057B0002025733A200000000D0A00002025303219
:1057C00078000000202020007C00000025630000FD
:1057D0001B5B313B33306D001B5B313B33326D0063
:1057E0001B5B313B33336D001B5B313B33346D004E
:1057F0001B5B313B33356D001B5B313B33366D003A
:105800001B5B313B33376D006572726F72000000B5
:105810007761726E696E6700696E666F00000000E6
:10582000646562756700000088570300D057030065
:1058300068570300D8570300E0570300E8570300F8
:10584000F0570300F8570300005803000000000061
:10585000085803001058030018580300205803008C
:105860007077725F6D676D74000000002C67030035
:105870002C67030004000000736F72746C6973740A
:10588000000000004E52465F5355434345535300BA
:105890004E52465F4552524F525F5356435F484106
:1058A0004E444C45525F4D495353494E470000000A
:1058B0004E52465F4552524F525F534F46544445F5
:1058C000564943455F4E4F545F454E41424C454417
:1058D000000000004E52465F4552524F525F494E03
:1058E0005445524E414C00004E52465F4552524F75
:1058F000525F4E4F5F4D454D000000004E52465FD7
:105900004552524F525F4E4F545F464F554E4400E2
:105910004E52465F4552524F525F4E4F545F535561
:1059200050504F52544544004E52465F4552524FDC
:10593000525F494E56414C49445F504152414D00DF
:105940004E52465F4552524F525F494E56414C4966
:10595000445F5354415445004E52465F4552524FA6
:10596000525F494E56414C49445F4C454E4754485E
:10597000000000004E52465F4552524F525F494E62
:1059800056414C49445F464C414753004E52465F96
:105990004552524F525F494E56414C49445F444133
:1059A000544100004E52465F4552524F525F4441AF
:1059B00054415F53495A45004E52465F4552524F3B
:1059C000525F54494D454F55540000004E52465FBA
:1059D0004552524F525F4E554C4C00004E52465F5E
:1059E0004552524F525F464F5242494444454E0041
:1059F0004E52465F4552524F525F494E56414C49B6
:105A0000445F4144445200004E52465F4552524F5B
:105A1000525F4255535900004E52465F4552524F15
:105A2000525F434F4E4E5F434F554E5400000000AF
:105A30004E52465F4552524F525F5245534F555258
:105A4000434553004E52465F4552524F525F4D4FB1
:105A500044554C455F4E4F545F494E495449414C63
:105A6000495A4544000000004E52465F4552524F8D
:105A7000525F4D555445585F494E49545F46414920
:105A80004C4544004E52465F4552524F525F4D5571
:105A90005445585F4C4F434B5F4641494C45440089
:105AA0004E52465F4552524F525F4D555445585FD6
:105AB000554E4C4F434B5F4641494C454400000016
:105AC0004E52465F4552524F525F4D555445585FB6
:105AD000434F4E445F494E49545F4641494C45440B
:105AE000000000004E52465F4552524F525F4D4FEC
:105AF00044554C455F414C52454144595F494E49DC
:105B00005449414C495A4544000000004E52465FFA
:105B10004552524F525F53544F524147455F46558D
:105B20004C4C00004E52465F4552524F525F41501E
:105B3000495F4E4F545F494D504C454D454E54457D
:105B4000440000004E52465F4552524F525F464558
:105B500041545552455F4E4F545F454E41424C456E
:105B6000440000004E52465F4552524F525F494F2B
:105B70005F50454E44494E47000000004E52465F7C
:105B80004552524F525F4452565F5457495F4552F7
:105B9000525F4F56455252554E0000004E52465FDE
:105BA0004552524F525F4452565F5457495F4552D7
:105BB000525F414E41434B004E52465F4552524F59
:105BC000525F4452565F5457495F4552525F444EAC
:105BD00041434B004E52465F4552524F525F424C3A
:105BE000455F495053505F52585F504B545F545279
:105BF000554E4341544544004E52465F4552524F24
:105C0000525F424C455F495053505F4348414E4EAE
:105C1000454C5F414C52454144595F4558495354A6
:105C2000530000004E52465F4552524F525F424C65
:105C3000455F495053505F4C494E4B5F4449534375
:105C40004F4E4E4543544544000000004E52465FBF
:105C50004552524F525F424C455F495053505F503E
:105C60004545525F52454A454354454400000000B3
:105C7000556E6B6E6F776E206572726F7220636FF8
:105C8000646500000000000084580300010000006B
:105C90009058030002000000B05803000300000009
:105CA000D458030004000000E85803000500000079
:105CB000FC58030006000000105903000700000014
:105CC00028590300080000004059030009000000A3
:105CD000585903000A000000745903000B0000002B
:105CE0008C5903000C000000A45903000D000000B3
:105CF000B85903000E000000CC5903000F0000004B
:105D0000DC59030010000000F059030011000000EE
:105D1000085A030012000000185A03001300000084
:105D2000305A030080000000445A03008100000044
:105D3000685A030082000000845A030083000000B8
:105D4000A05A030084000000C05A03008500000030
:105D5000E45A0300860000000C5B03009000000082
:105D6000245B030091000000445B030092000000EC
:105D7000645B0300008200007C5B03000182000082
:105D80009C5B030002820000B85B030000840000FB
:105D9000D45B030001840000F85B03000284000070
:105DA000245C0300038400004C5C03006170705F9E
:105DB00074696D65720000000100060000000000BB
:105DC000D42F00202501030052544320696E7374C0
:105DD000616E636520616C726561647920696E69CA
:105DE0007469616C697A65642E0000005254433A0C
:105DF00020696E697469616C697A65642E000000BF
:105E00000338FDD870470000466174616C206572EC
:105E1000726F720053797374656D20726573657467
:105E2000000000006E72665F736468000100000786
:105E3000746703007C670300080000008C670300A0
:105E40009C670300080000007C6703008C67030068
:105E50000800000073645F626C655F6366675F7370
:105E6000657428292072657475726E6564202573C7
:105E7000207768656E20617474656D7074696E67F3
:105E800020746F2073657420424C455F434F4E4E23
:105E90005F4346475F4741502E00000073645F62D6
:105EA0006C655F6366675F7365742829207265742B
:105EB00075726E6564202573207768656E20617445
:105EC00074656D7074696E6720746F2073657420DB
:105ED000424C455F4741505F4346475F524F4C45F8
:105EE0005F434F554E542E0073645F626C655F6371
:105EF00066675F73657428292072657475726E65B4
:105F000064202573207768656E20617474656D70F8
:105F100074696E6720746F2073657420424C455F0E
:105F2000434F4D4D4F4E5F4346475F56535F555568
:105F300049442E0073645F626C655F6366675F73DC
:105F4000657428292072657475726E6564202573E6
:105F5000207768656E20617474656D7074696E6712
:105F600020746F2073657420424C455F4741545440
:105F7000535F4346475F415454525F5441425F531D
:105F8000495A452E0000000073645F626C655F63D0
:105F900066675F73657428292072657475726E6513
:105FA00064202573207768656E20617474656D7058
:105FB00074696E6720746F2073657420424C455F6E
:105FC00047415454535F4346475F534552564943F4
:105FD000455F4348414E4745442E0000496E737566
:105FE0006666696369656E742052414D20616C6C10
:105FF0006F636174656420666F72207468652053F6
:106000006F66744465766963652E00004368616E4F
:106010006765207468652052414D20737461727405
:10602000206C6F636174696F6E2066726F6D2030D3
:1060300078257820746F20307825782E00000000B5
:106040004D6178696D756D2052414D2073697A6597
:1060500020666F72206170706C69636174696F6E25
:1060600020697320307825782E00000073645F6209
:106070006C655F656E61626C652829207265747558
:10608000726E65642025732E000000006E72665FDC
:106090007364685F626C65002C67030074670300BB
:1060A000080000006E72665F7364685F736F630060
:1060B0001C6703002C67030008000000312E2573C5
:1060C0002070696E3A25642020206C6F6E67207006
:1060D000726573732E000000322E25732070696E76
:1060E0003A25642020207374617475733A25642EF8
:1060F00000000000332E257320627574746F6E20CB
:106100006572726F722E000053746F702062757426
:10611000746F6E5F706F6C6C696E672074696D650B
:10612000722E0000537461727420627574746F6E05
:106130005F706F6C6C696E672074696D65722E009C
:10614000312E25732070696E3A2564202020706FEF
:106150006C6C696E673A256420202074696D655FF8
:10616000636E743A25642E00322E25732070696E9A
:106170003A2564202020706F6C6C696E673A256444
:1061800020202074696D655F636E743A25642E006B
:10619000332E25732070696E3A2564202020706F9D
:1061A0006C6C696E673A256420202074696D655FA8
:1061B000636E743A25642E00342E25732045727266
:1061C0006F72207363686564756C652E0000000053
:1061D00054686520627574746F6E20636F6E6669B3
:1061E0006775726174696F6E207374727563742061
:1061F000706F696E74657220697320656D70747953
:106200002C206F7220746865206E756D6265722037
:106210006F6620627574746F6E73206973206C658D
:106220007373207468616E20312C206F7220746843
:1062300065206E756D626572206F6620627574747C
:106240006F6E732069732067726561746572207464
:1062500068616E20746865206D6178696D756D2068
:106260006E756D626572206F6620627574746F6EF4
:106270007321212100000000546865206275747448
:106280006F6E20636F6E66696775726174696F6E99
:106290002073747275637420706F696E74657220F8
:1062A000286E6F726469632053444B206C6962727C
:1062B00061727929206661696C656420746F206160
:1062C0006C6C6F63617465206D656D6F72792121EF
:1062D0002100000054686520627574746F6E20633D
:1062E0006F6E74726F6C20737472756374757265FF
:1062F00020706F696E746572206661696C656420D8
:10630000746F20616C6C6F63617465206D656D6F77
:106310007279212121000000627574746F6E5F74C0
:1063200065737400627574746F6E5F6576656E7404
:106330005F68616E646C6572000000006275747461
:106340006F6E5F706F6C6C696E675F68616E646CB6
:1063500065720000B0220020436F6E6E6563746545
:106360006420746F20706565722E00004469736349
:106370006F6E6E65637465642066726F6D20706504
:1063800065722E0050485920557064617465205222
:106390006571756573742E0052657175657374202F
:1063A000746F2070726F76696465207365637572AF
:1063B00069747920706172616D65746572732E0005
:1063C000412070657273697374656E74207379739C
:1063D00074656D206174747269627574652061639F
:1063E000636573732069732070656E64696E672ED0
:1063F000000000004741545420436C69656E7420CE
:1064000054696D656F75742E000000004741545447
:10641000205365727665722054696D656F75742EB0
:1064200000000000424C45204556454E542049444A
:106430003A256400424C4520737461636B20696E99
:10644000697469616C697A6174696F6E20656E64E4
:106450002E0000004E6F726469635F54656D706C4E
:106460006174650047415020696E697469616C69A7
:106470007A6174696F6E20656E642E0047415454D2
:1064800020696E697469616C697A6174696F6E20E4
:10649000656E642E00000000416476657274697355
:1064A00020696E697469616C697A6174696F6E20C4
:1064B000656E642E00000000536572766963652086
:1064C000696E697469616C697A6174696F6E20655F
:1064D0006E642E007573655F626C6500456E746551
:1064E00072202573202E00004578697420257320C2
:1064F0002E000000427574746F6E20696E697469B5
:10650000616C697A65207375636365737366756C16
:106510002E0000004D6178206F7065726174696FA4
:106520006E207175657565207574696C697A617422
:10653000696F6E3A2025642E000000004D617820BE
:106540006F62736572766564207175657565207517
:1065500074696C697A6174696F6E3A2025642E00E3
:106560006D61696E0000000000000000102700004F
:10657000060000000B00030C0003180003190003C1
:1065800062617369635F6D6F64756C655F696E6985
:106590007400000000000000000000000000000087
:1065A0000338FDD870470000F0220020303132332C
:1065B0003435363738394142434445465465726D67
:1065C000696E616C00000000525454005345474707
:1065D00045520000636C6F636B0000005052530023
:1065E000434C4F434B0000004750494F5445000077
:1065F00055415254000000005541525445000000DE
:106600005744540000000000010100000100000098
:1066100000000020202020202020202028282828BA
:106620002820202020202020202020202020202062
:1066300020202088101010101010101010101010B2
:1066400010101004040404040404040404101010C2
:10665000101010104141414141410101010101016E
:1066600001010101010101010101010101011010FC
:106670001010101042424242424202020202020242
:1066800002020202020202020202020202021010CE
:1066900010102000000000000000000000000000BA
:1066A00000000000000000000000000000000000EA
:1066B00000000000000000000000000000000000DA
:1066C00000000000000000000000000000000000CA
:1066D00000000000000000000000000000000000BA
:1066E00000000000000000000000000000000000AA
:1066F000000000000000000000000000000000009A
:106700000000000000000000000000000000000089
:0C67100000000000182300200000000022
:10671C0001E8020000000000ED260300000000006C
:10672C005576020000000000117402000000000009
:10673C0091A002000000000025C90200000000002A
:10674C00897A0200AC30002029730200C03000208E
:10675C00D972020098300020BD7D0200203100204B
:08676C003116030000000000DB
:0867740081E6020000000000B4
:10677C00D5E902000000000015270300000000000E
:10678C00A90D030000000000291003000000000008
:10679C00202A0020E82A0020F02A0020282A0020A5
:0467AC0018000000D1
:1067B000E065030000000000E86503000000000041
:1067C000DC65030000000000F0650300000000002D
:1067D000F8650300000000000066030000000000F0
:1067E0005857030000000404D854030000000000C0
:1067F000AC5D030000000000183C03000000000036
:106800001863030004080404D465030000000000BA
:106810006065030004080404E43F0300000004046E
:10682000A056030000000404245E030000000303DC
:106830008C60030000000303A46003000000030356
:10684000CC490300000003030443030000000303DA
:10685000F844030000000303F04F030000000303AB
:10686000244503000000030328480300000003033D
:106870005C46030000000303C85403000000030348
:1068800038530300000003036058030000000000B9
:106890007858030000000000D464030004080404D6
:1068A000285703000000000034570300A0220020F6
:0868B0009009FF7F01000000C8
:1068B80018010000FFFFFFFFFFFFFFFFFFFFFFFFC3
:1068C800FFFFFFFF18181818181818180000000004
:1068D8000000000000000000FFFFFFFFFFFFFFFFB8
:1068E80000000000000000000000000000000000A0
:1068F80000000000FF00000000100140110004002B
:106908000000000000000000FFFFFFFFFFFFFFFF87
:10691800000000000000000000000000000000006F
:106928000319000002010603030A1810094E6F72CA
:106938006469635F54656D706C617465FF00FFFF87
:106948000000000000000000FFFFFFFFFFFFFFFF47
:10695800000000000000000000000000000000002F
:106968000090D00318230020000000000000000061
:10697800000000000000000000000000000000000F
:1069880000000000000000000000000000000000FF
:1069980000000000000000000000000000000000EF
:1069A80000000000000000000000000000000000DF
:1069B80000000000000000000000000000000000CF
:1069C80000000000000000002572020001720200B1
:1069D800000000000000000075D802000000000060
:0469E80000000000AB
:04000003300033F5A1
:00000001FF
